IssuerCompany,IssuerCompany_Objective_urls
Healthcare Global Enterprises Ltd,http://www.chittorgarh.com/ipo/healthcare_global_ipo/529/
Nintec Systems Ltd,http://www.chittorgarh.com/ipo/nintec_systems_ipo/535/
Bharat Wire Ropes Ltd,http://www.chittorgarh.com/ipo/bharat_wire_ropes_ipo/530/
Wealth First Portfolio Managers Ltd,http://www.chittorgarh.com/ipo/wealth_first_nse_sme_ipo/526/
Bajaj Healthcare Ltd,http://www.chittorgarh.com/ipo/bajaj_healthcare_ipo/542/
Khemani Distributors & Marketing Ltd,http://www.chittorgarh.com/ipo/khemani_distributors_ipo/531/
Lancer Container Lines Ltd,http://www.chittorgarh.com/ipo/lancer_containers_ipo/538/
Sysco Industries Limited,http://www.chittorgarh.com/ipo/sysco_ipo/540/
Raghav Ramming Mass Limited,http://www.chittorgarh.com/ipo/raghav_ramming_ipo/539/
Ujjivan Financial Services Ltd,http://www.chittorgarh.com/ipo/ujjivan_financial_services_ipo/543/
Vidli Restaurants Ltd,http://www.chittorgarh.com/ipo/vidli_restaurants_ipo/522/
Thyrocare Technologies Limited,http://www.chittorgarh.com/ipo/thyrocare_technologies_ipo/541/
Ruby Cables Ltd,http://www.chittorgarh.com/ipo/ruby_cables_ipo/537/
Ghushine Fintrrade Ocean Ltd,http://www.chittorgarh.com/ipo/ghushine_fintrrade_ipo/544/
Sylph Education Solutions Ltd,http://www.chittorgarh.com/ipo/sylph_education_ipo/523/
Perfect Infraengineers Ltd,http://www.chittorgarh.com/ipo/perfect_infraengineers_ipo/509/
Equitas Holdings Limited,http://www.chittorgarh.com/ipo/equitas_holdings_ipo/536/
Narayana Hrudayalaya Limited,http://www.chittorgarh.com/ipo/narayana_hrudayalaya_ipo/513/
Quick Heal Technologies Limited,http://www.chittorgarh.com/ipo/quick_heal_ipo/521/
Parag Milk Foods Ltd,http://www.chittorgarh.com/ipo/parag_milk_ipo/545/
Ganga Pharmaceuticals Ltd,http://www.chittorgarh.com/ipo/ganga_pharmaceuticals_ipo/519/
Dr. Lal PathLabs Limited,http://www.chittorgarh.com/ipo/dr_lal_pathlabs_ipo/511/
TeamLease Services Ltd,http://www.chittorgarh.com/ipo/teamlease_services_ipo/520/
Team Lease Services Ltd,http://www.chittorgarh.com/ipo/teamlease_services_ipo/520/
K P Energy Limited,http://www.chittorgarh.com/ipo/kp_energy_ipo/524/
Sri Krishna Constructions (India) Ltd,http://www.chittorgarh.com/ipo/sri_krishna_constructions_ipo/497/
Navigant Corporate Advisors Ltd,http://www.chittorgarh.com/ipo/navigant_corporate_advisors_ipo/510/
Shaival Reality Limited,http://www.chittorgarh.com/ipo/shaival_reality_ipo/498/
OFS Technologies Ltd,http://www.chittorgarh.com/ipo/ofs_technologies_ipo/515/
Pennar Engineered Building Systems Ltd,http://www.chittorgarh.com/ipo/pennar_engineered_ipo/490/
Prabhat Dairy Limited,http://www.chittorgarh.com/ipo/prabhat_dairy_ipo/491/
Oyeeee Media Ltd,http://www.chittorgarh.com/ipo/oyeeee_media_ipo/487/
Shree Pushkar Chemicals and Fertilisers Limited,http://www.chittorgarh.com/ipo/shree_pushkar_chemicals_ipo/493/
Navkar Corporation Limited,http://www.chittorgarh.com/ipo/navkar_corporation_ipo/488/
Alkem Laboratories Limited,http://www.chittorgarh.com/ipo/alkem_laboratories_ipo/512/
Ahimsa Industries Limited,http://www.chittorgarh.com/ipo/ahimsa_industries_ipo/499/
Loyal Equipments Ltd,http://www.chittorgarh.com/ipo/loyal_equipments_ipo/480/
P. B. Films Limited,http://www.chittorgarh.com/ipo/pb_films_limited/496/
Interglobe Aviation Ltd,http://www.chittorgarh.com/ipo/indigo_ipo/492/
Coffee Day Enterprises Ltd,http://www.chittorgarh.com/ipo/cafe_coffee_day_ipo/507/
Infibeam Incorporation Ltd,http://www.chittorgarh.com/ipo/infibeam_ipo/532/
Syngene International Ltd,http://www.chittorgarh.com/ipo/syngene_international_ipo/481/
Amrapali Fincap Limited,http://www.chittorgarh.com/ipo/amrapali_fincap_ipo/482/
M D Inducto Cast Ltd,http://www.chittorgarh.com/ipo/md_inducto_cast_ipo/476/
VMV Holidays Ltd,http://www.chittorgarh.com/ipo/vmv_holidays_ipo/477/
Sadbhav Infrastructure Project Limited,http://www.chittorgarh.com/ipo/sadbhav_infra_ipo/494/
Mishka Exim Ltd,http://www.chittorgarh.com/ipo/mishka_exim_ipo/474/
Vaksons Automobiles Limited,http://www.chittorgarh.com/ipo/vaksons_automobiles_ipo/500/
MEP Infrastructure Developers Ltd,http://www.chittorgarh.com/ipo/mep_infrastructure_ipo/467/
UFO Moviez Ltd,http://www.chittorgarh.com/ipo/ufo_moviez_ipo/468/
Ambition Mica Ltd,http://www.chittorgarh.com/ipo/ambition_mica_ipo/473/
Junction Fabrics And Apparels Ltd,http://www.chittorgarh.com/ipo/junction_fabrics_ipo/471/
Blueblood Ventures Ltd,http://www.chittorgarh.com/ipo/blueblood_ventures_ipo/518/
Pecos Hotels and Pubs Ltd,http://www.chittorgarh.com/ipo/pecos_hotels_ipo/483/
H.K. Trade International Limited,http://www.chittorgarh.com/ipo/h_k_trade_ipo/495/
S H Kelkar & Company Ltd,http://www.chittorgarh.com/ipo/s_h_kelkar_ipo/508/
Gala Print City Ltd,http://www.chittorgarh.com/ipo/gala_print_city_ipo/479/
Funny Software Ltd,http://www.chittorgarh.com/ipo/funny_software_ipo/470/
Precision Camshafts Limited,http://www.chittorgarh.com/ipo/precision_camshafts_ipo/517/
Supreme (India) Impex Ltd,http://www.chittorgarh.com/ipo/supreme_india_ipo/460/
Jiya Eco Products Ltd,http://www.chittorgarh.com/ipo/jiya_eco_products_ipo/475/
Power Mech Projects Ltd,http://www.chittorgarh.com/ipo/power_mech_projects_ipo/486/
Yogya Enterprises Ltd,http://www.chittorgarh.com/ipo/yogya_enterprises_ipo/464/
Athena Constructions Ltd,http://www.chittorgarh.com/ipo/athena_constructions_ipo/463/
SSPN Finance Ltd,http://www.chittorgarh.com/ipo/sspn_finance_ipo/459/
AGI Infra Ltd,http://www.chittorgarh.com/ipo/agi_infra_ipo/457/
Filtra Consultants and Engineers Ltd,http://www.chittorgarh.com/ipo/filtra_consultants_ipo/461/
Amsons Apparels Ltd,http://www.chittorgarh.com/ipo/amsons_apparels_ipo/450/
NCML Industries Ltd,http://www.chittorgarh.com/ipo/ncml_industries_ipo/451/
Manpasand Beverages Ltd,http://www.chittorgarh.com/ipo/manpasand_beverages_ipo/472/
Aanchal Ispat Ltd,http://www.chittorgarh.com/ipo/aanchal_ispat_ipo/449/
Captain Pipes Ltd,http://www.chittorgarh.com/ipo/captain_pipes_ipo/448/
Anubhav Infrastructure Ltd,http://www.chittorgarh.com/ipo/anubhav_infrastructure_ipo/447/
Raghuvansh Agrofarms Ltd,http://www.chittorgarh.com/ipo/raghuvansh_agrofarms_ipo/452/
Karnavati Finance Ltd,http://www.chittorgarh.com/ipo/karnavati_finance_ipo/453/
O P Chains Ltd,http://www.chittorgarh.com/ipo/o_p_chains_ipo/465/
PNC Infratech Ltd,http://www.chittorgarh.com/ipo/pnc_infratech_ipo/469/
Akme Star Housing Finance Ltd,http://www.chittorgarh.com/ipo/akme_star_housing_finance_ipo/454/
Mahabir Metallex Ltd,http://www.chittorgarh.com/ipo/mahabir_metallex_ipo/458/
Aryaman Capital Markets Ltd,http://www.chittorgarh.com/ipo/aryaman_capital/436/
Momai Apparels Ltd,http://www.chittorgarh.com/ipo/momai_apparels/435/
Ortel Communications ltd.,http://www.chittorgarh.com/ipo/ortel_communications_ipo/455/
Sirohia & Sons Ltd,http://www.chittorgarh.com/ipo/sirohia_sons_ipo/433/
Majestic Research Services and Solutions Ltd,http://www.chittorgarh.com/ipo/majestic_research_ipo/478/
Bhanderi Infracon Ltd,http://www.chittorgarh.com/ipo/bhanderi_infracon_ipo/425/
Monte Carlo Fashions Limited,http://www.chittorgarh.com/ipo/monte_carlo_ipo/437/
Vishal Fabrics Limited,http://www.chittorgarh.com/ipo/vishal_fabrics_ipo/427/
Carewell Industries Ltd,http://www.chittorgarh.com/ipo/carewell_industries_ipo/426/
Adlabs Entertainment Limited,http://www.chittorgarh.com/ipo/adlabs_entertainment_ipo/456/
Tarini International Ltd,http://www.chittorgarh.com/ipo/tarini_international_ipo/422/
Dhanuka Commercial Ltd,http://www.chittorgarh.com/ipo/dhanuka_commercial_ipo/421/
Shareway Securities Ltd,http://www.chittorgarh.com/ipo/shareway_securities_ipo/462/
GCM Capital Advisor Ltd,http://www.chittorgarh.com/ipo/gcm_capital_advisors_ipo/419/
R & B Denims Ltd,http://www.chittorgarh.com/ipo/r_b_denims_ipo/417/
Women's Next Loungeries Ltd,http://www.chittorgarh.com/ipo/womens_next_loungeries_ipo/416/
Sharda Cropchem Limited,http://www.chittorgarh.com/ipo/sharda_cropchem_ipo/430/
SI VI Shipping Corporation Ltd,http://www.chittorgarh.com/ipo/sivi_shipping_ipo/408/
Sanco Industries Ltd,http://www.chittorgarh.com/ipo/sanco_industries_ipo/409/
Loha Ispaat Ltd,http://www.chittorgarh.com/ipo/loha_ispaat_ipo/413/
Anisha Impex Ltd,http://www.chittorgarh.com/ipo/anisha_impex_ipo/412/
Maiam Global Foods Ltd,http://www.chittorgarh.com/ipo/maiam_global_foods_ipo/407/
Unishire Urban Infra Ltd,http://www.chittorgarh.com/ipo/unishire_urban_infra_ipo/406/
Polymac Thermoformers Ltd,http://www.chittorgarh.com/ipo/polymac_thermoformers_ipo/404/
Karnimata Cold Storage Ltd,http://www.chittorgarh.com/ipo/karnimata_cold_storage_ipo/411/
Oceanaa Biotek Industries Ltd,http://www.chittorgarh.com/ipo/obil_ipo/415/
Agrimony Commodities Ltd,http://www.chittorgarh.com/ipo/agrimony_commodities_ipo/403/
B.C. Power Controls Limited,http://www.chittorgarh.com/ipo/bc_power_controls_ipo/410/
RCI Industries & Technologies Ltd,http://www.chittorgarh.com/ipo/rci_industries_ipo/401/
Tentiwal Wire Products Ltd,http://www.chittorgarh.com/ipo/tentiwal_wire_ipo/399/
Captain Polyplast Ltd,http://www.chittorgarh.com/ipo/captain_polyplast_ipo/397/
Power Grid Corporation of India,http://www.chittorgarh.com/ipo/power_grid_fpo/398/
Amrapali Capital and Finance Services Ltd,http://www.chittorgarh.com/ipo/amrapali_capital_ipo/395/
Stellar Capital Services Limited,http://www.chittorgarh.com/ipo/stellar_capital_services_ipo/396/
MITCON Consultancy & Engineering Services Ltd,http://www.chittorgarh.com/ipo/mitcon_consultancy_ipo/394/
Newever Trade Wings Limited,http://www.chittorgarh.com/ipo/newever_trade_wings_ipo/391/
Subh Tex (India) Limited,http://www.chittorgarh.com/ipo/subh_tex_india_ipo/392/
VCU Data Management Limited,http://www.chittorgarh.com/ipo/vcu_data_management_ipo/393/
SRG Securities Finance Limited,http://www.chittorgarh.com/ipo/srg_securities_finance_ipo/390/
Satkar Finlease Ltd,http://www.chittorgarh.com/ipo/satkar_finlease_ipo/389/
Snowman Logistics Ltd,http://www.chittorgarh.com/ipo/snowman_logistics_ipo/428/
Tiger Logistics (India) Ltd,http://www.chittorgarh.com/ipo/tiger_logistics_ipo/388/
Ace Tours Worldwide Ltd,http://www.chittorgarh.com/ipo/ace_tours_worldwide_ipo/387/
Kushal Tradelink Ltd,http://www.chittorgarh.com/ipo/kushal_tradelink_ipo/386/
Silverpoint Infratech Limited,http://www.chittorgarh.com/ipo/silverpoint_infratech_ipo/384/
VKJ Infradevelopers Limited,http://www.chittorgarh.com/ipo/VKJ_Infradevelopers_ipo/385/
GCM Commodity & Derivatives Limited,http://www.chittorgarh.com/ipo/gcm_commodity_ipo/383/
Shemaroo Entertainment Ltd,http://www.chittorgarh.com/ipo/shemaroo_ipo/431/
Inox Wind Limited,http://www.chittorgarh.com/ipo/inox_wind_ipo/438/
eDynamics Solutions Limited,http://www.chittorgarh.com/ipo/edynamics_solutions_ipo/380/
Wonderla Holidays Limited,http://www.chittorgarh.com/ipo/wonderla_holidays_ipo/418/
Samruddhi Realty Ltd,http://www.chittorgarh.com/ipo/samruddhi_realty_ipo/375/
Ashapura Intimates Fashion Limited,http://www.chittorgarh.com/ipo/ashapura_intimates_fashion_ipo/374/
Opal Luxury Time Products Ltd,http://www.chittorgarh.com/ipo/opal_luxury_time_products_ipo/373/
Lakhotia Polyesters (INDIA) Limited,http://www.chittorgarh.com/ipo/lakhotia_polyesters_ipo/372/
GCM Securities Ltd,http://www.chittorgarh.com/ipo/gcm_securities_ipo/371/
Bothra Metals & Alloys Ltd,http://www.chittorgarh.com/ipo/bothra_metals_and_alloys_ipo/370/
HPC Biosciences Limited,http://www.chittorgarh.com/ipo/hpc_biosciences_ipo/368/
Channel Nine Entertainment Ltd,http://www.chittorgarh.com/ipo/channel_nine_entertainment_ipo/367/
Sunstar Reality Development Ltd,http://www.chittorgarh.com/ipo/sunstar_realty_development_ipo/366/
Kavita Fabrics Ltd,http://www.chittorgarh.com/ipo/kavita_fabrics_ipo/365/
Esteem Bio Organic Food Processing Ltd,http://www.chittorgarh.com/ipo/esteem_bio_ipo/362/
Eco Friendly Food Processing Park Ltd,http://www.chittorgarh.com/ipo/eco_friendly_food_ipo/361/
Veto Switch Gears and Cables Limited,http://www.chittorgarh.com/ipo/veto_switchgears_ipo/357/
Bronze Infra Tech Ltd,http://www.chittorgarh.com/ipo/bronze_infra_tech_ipo/355/
RCL Retail Limited,http://www.chittorgarh.com/ipo/rcl_retail_ipo/353/
Bharti Infratel Limited,http://www.chittorgarh.com/ipo/bharti_infratel_ipo/360/
Anshu's Clothing Limited,http://www.chittorgarh.com/ipo/anshus_clothing_ipo/352/
Thejo Engineering Ltd,http://www.chittorgarh.com/ipo/thejo_engineering_ipo/351/
Just Dial Ltd,http://www.chittorgarh.com/ipo/just_dial_ipo/377/
V-Mart Retail Limited,http://www.chittorgarh.com/ipo/v_mart_retail_ipo/363/
Jointeca Education Solutions Ltd,http://www.chittorgarh.com/ipo/jointeca_education_ipo/348/
Comfort Commotrade Ltd,http://www.chittorgarh.com/ipo/comfort_commotrade_ipo/350/
SRG Housing Finance Ltd,http://www.chittorgarh.com/ipo/srg_housing_finance_ipo/349/
Sangam Advisors Limited,http://www.chittorgarh.com/ipo/sangam_advisors_ipo/346/
Rashtriya Ispat Nigam Limited,http://www.chittorgarh.com/ipo/rashtriya_ispat_nigam_ipo/354/
Jupiter Infomedia Limited,http://www.chittorgarh.com/ipo/jupiter_infomedia_ipo/347/
Max Alert Systems Limited,http://www.chittorgarh.com/ipo/max_alert_systems_ipo/344/
Monarch Health Services Ltd,http://www.chittorgarh.com/ipo/monarch_health_services_ipo/343/
National Buildings Construction Corporation Limited,http://www.chittorgarh.com/ipo/nbcc_ipo/337/
BCB Finance Limited,http://www.chittorgarh.com/ipo/bcb_finance_ipo/335/
Tara Jewels Ltd,http://www.chittorgarh.com/ipo/tara_jewels_ipo/356/
Credit Analysis And Research Limited,http://www.chittorgarh.com/ipo/care_ipo/358/
Repco Home Finance Limited,http://www.chittorgarh.com/ipo/repco_home_finance_ipo/369/
PC Jeweller Limited,http://www.chittorgarh.com/ipo/pc_jeweller_ipo/359/
Olympic Cards Ltd,http://www.chittorgarh.com/ipo/olympic_cards_ipo/336/
Samvardhana Mothersons Finance Ltd,http://www.chittorgarh.com/ipo/samvardhana_ipo/340/
Samvardhana Mothersons Finance Ltd,http://www.chittorgarh.com/ipo/samvardhana_ipo/340/
Oil and Natural Gas Corporation Ltd (ONGC),http://www.chittorgarh.com/ipo/ongc_fpo/310/
VKS Projects Limited,http://www.chittorgarh.com/ipo/vks_projects_ipo/345/
MT Educare Limited,http://www.chittorgarh.com/ipo/mt_educare_ipo/338/
Sai Silks (Kalamandir) Ltd,http://www.chittorgarh.com/ipo/sai_silks_kalamandir_ipo/364/
Swajas Air Charters Ltd,http://www.chittorgarh.com/ipo/swajas_air_ipo/331/
Indo Thai Securities Ltd,http://www.chittorgarh.com/ipo/indo_thai_securities_ipo/333/
Multi Commodity Exchange of India Ltd,http://www.chittorgarh.com/ipo/mcx_ipo/177/
Prakash Constrowell Limited,http://www.chittorgarh.com/ipo/prakash_constrowell_ipo/325/
L and T Finance Holdings Ltd,http://www.chittorgarh.com/ipo/l_t_finance_ipo/318/
Flexituff International Limited,http://www.chittorgarh.com/ipo/flexituff_ipo/329/
Power Finance Corporation Ltd,http://www.chittorgarh.com/ipo/power_finance_fpo/306/
Speciality Restaurants Limited,http://www.chittorgarh.com/ipo/speciality_restaurants_ipo/342/
TD Power Systems Limited,http://www.chittorgarh.com/ipo/td_power_ipo/323/
Tree House Education and Accessories Limited,http://www.chittorgarh.com/ipo/tree_house_ipo/321/
Tribhovandas Bhimji Zaveri Limited,http://www.chittorgarh.com/ipo/bhimji_zaveri_ipo/339/
Goodwill Hospital and Research Centre Limited,http://www.chittorgarh.com/ipo/goodwill_hospital_ipo/334/
M and B Switchgear Limited,http://www.chittorgarh.com/ipo/m_and_b_switchgears_ipo/330/
Tata Steel Limited,http://www.chittorgarh.com/ipo/tata_steel_fpo/292/
Taksheel Solutions Ltd,http://www.chittorgarh.com/ipo/taksheel_solutions_ipo/326/
PTC India Financial Services Limited,http://www.chittorgarh.com/ipo/ptc_india_ipo/298/
Readymade Steel India Limited,http://www.chittorgarh.com/ipo/readymade_steel_india_ipo/316/
Onelife Capital Advisors Limited,http://www.chittorgarh.com/ipo/onelife_capital_ipo/332/
VRL Logistics Ltd,http://www.chittorgarh.com/ipo/vrl_logistics_ipo/466/
Plastene India Ltd,http://www.chittorgarh.com/ipo/plastene_ipo/341/
Brooks Laboratories Ltd,http://www.chittorgarh.com/ipo/brooks_labs_ipo/322/
Lovable Lingerie Limited,http://www.chittorgarh.com/ipo/lovable_lingeries_ipo/297/
Bharatiya Global Infomedia Limited,http://www.chittorgarh.com/ipo/bharatiya_global_infomedia_ipo/317/
Power Grid Corporation of India Limited FPO,http://www.chittorgarh.com/ipo/power_grid_fpo/279/
The Shipping Corporation of India Limited,http://www.chittorgarh.com/ipo/shipping_corporation_fpo/283/
Scotts Garments Limited,http://www.chittorgarh.com/ipo/scotts_garments_ipo/376/
Innoventive Industries Limited,http://www.chittorgarh.com/ipo/innoventive_industries_ipo/303/
Muthoot Finance Limited,http://www.chittorgarh.com/ipo/muthoot_ipo/300/
Tijaria Polypipes Limited,http://www.chittorgarh.com/ipo/tijaria_polypipes_ipo/327/
Vaswani Industries Limited,http://www.chittorgarh.com/ipo/vaswani_ipo/305/
Sanghvi Forging and Engineering Ltd,http://www.chittorgarh.com/ipo/sanghvi_forging_ipo/307/
MOIL Limited,http://www.chittorgarh.com/ipo/moil_ipo/282/
Fineotex Chemical Limited IPO,http://www.chittorgarh.com/ipo/fineotex_ipo/294/
Timbor Home Limited,http://www.chittorgarh.com/ipo/timbor_home_ipo/312/
PG Electroplast Limited,http://www.chittorgarh.com/ipo/pg_electroplast_ipo/324/
Paramount Printpackaging Limited,http://www.chittorgarh.com/ipo/paramount_printpackaging_ipo/302/
Aanjaneya Lifecare Limited,http://www.chittorgarh.com/ipo/aanjaneya_ipo/308/
Servalakshmi Paper Limited,http://www.chittorgarh.com/ipo/servalakshmi_ipo/301/
Sudar Garments Limited,http://www.chittorgarh.com/ipo/sudar_ipo/295/
Future Venture India Ltd,http://www.chittorgarh.com/ipo/future_ventures_ipo/304/
Shilpi Cable Technologies Limited,http://www.chittorgarh.com/ipo/shilpi_cables_ipo/299/
MidValley Entertainment Ltd,http://www.chittorgarh.com/ipo/midvalley_entertainment_ipo/291/
Punjab and Sind Bank,http://www.chittorgarh.com/ipo/punjab_sind_bank_ipo/288/
Omkar Speciality Chemicals Limited,http://www.chittorgarh.com/ipo/omkar_speciality_ipo/293/
Galaxy Surfactants Limited,http://www.chittorgarh.com/ipo/galaxy_ipo/309/
Coal India Limited,http://www.chittorgarh.com/ipo/coal_india_ipo/258/
Birla Pacific Medspa Limited,http://www.chittorgarh.com/ipo/birla_pacific_medspa_ipo/314/
A2Z Maintenance and Engineering Services Limited,http://www.chittorgarh.com/ipo/a2z_maintenance_ipo/287/
SRS Limited,http://www.chittorgarh.com/ipo/srs_ipo/320/
Shekhawati Poly-yarn Limited,http://www.chittorgarh.com/ipo/shekhawati_ipo/289/
VMS Industries Limited,http://www.chittorgarh.com/ipo/vms_industries_ipo/313/
Engineers India Limited,http://www.chittorgarh.com/ipo/engineers_india_fpo/252/
RPP Infra Projects Limited,http://www.chittorgarh.com/ipo/rpp_infra_ipo/281/
One97 Communications Limited,http://www.chittorgarh.com/ipo/one97_ipo/285/
Tecpro Systems Ltd,http://www.chittorgarh.com/ipo/tecpro_ipo/269/
Orient Green Power Company Limited,http://www.chittorgarh.com/ipo/orient_green_ipo/266/
Claris Lifesciences Limited,http://www.chittorgarh.com/ipo/claris_ipo/284/
C Mahendra Exports Ltd,http://www.chittorgarh.com/ipo/c_mahendra_ipo/290/
Ravi Kumar Distilleries Limited,http://www.chittorgarh.com/ipo/ravikumar_distilleries_ipo/286/
Commercial Engineers and Body Builders Co Limited,http://www.chittorgarh.com/ipo/commercial_engineers_ipo/274/
Electrosteel Integrated Limited,http://www.chittorgarh.com/ipo/electrosteel_ipo/267/
Ramky Infrastructure Ltd,http://www.chittorgarh.com/ipo/ramky_infra_ipo/265/
Standard Chartered PLC,http://www.chittorgarh.com/ipo/standard_chartered_idr/245/
SKS Microfinance Limited,http://www.chittorgarh.com/ipo/sks_microfinance_ipo/253/
RDB Rasayans Limited,http://www.chittorgarh.com/ipo/rdb_rasayans_ipo/328/
Rushil Decor Limited,http://www.chittorgarh.com/ipo/rushil_decor_ipo/315/
Microsec Financial Services Ltd,http://www.chittorgarh.com/ipo/microsec_financial_ipo/264/
Prakash Steelage Limited,http://www.chittorgarh.com/ipo/prakash_steelage_ipo/255/
Bedmutha Industries Limited,http://www.chittorgarh.com/ipo/bedmutha_ipo/273/
Acropetal Technologies Limited,http://www.chittorgarh.com/ipo/acropetal_ipo/296/
VA Tech Wabag Ltd,http://www.chittorgarh.com/ipo/va_tech_ipo/259/
Hindustan Media Ventures Limited,http://www.chittorgarh.com/ipo/hindustan_media_ipo/250/
Bajaj Corp Limited,http://www.chittorgarh.com/ipo/bajaj_corp_ipo/254/
SJVN Limited,http://www.chittorgarh.com/ipo/sjvn_ipo/241/
Career Point Infosystems Limited,http://www.chittorgarh.com/ipo/career_point_ipo/263/
Gyscoal Alloys Limited,http://www.chittorgarh.com/ipo/gyscoal_alloys_ipo/278/
Inventure growth and Securities Limited,http://www.chittorgarh.com/ipo/inventure_securities_ipo/319/
Parabolic Drugs Limited,http://www.chittorgarh.com/ipo/parabolic_drugs_ipo/247/
NMDC Limited,http://www.chittorgarh.com/ipo/nmdc_ipo/230/
Technofab Engineering Limited,http://www.chittorgarh.com/ipo/technofab_ipo/248/
Oberoi Realty Limited,http://www.chittorgarh.com/ipo/oberoi_realty_ipo/275/
Indosolar Limited,http://www.chittorgarh.com/ipo/indosolar_ipo/260/
NTPC LImited,http://www.chittorgarh.com/ipo/ntpc_fpo/215/
Eros International Media Limited,http://www.chittorgarh.com/ipo/eros_ipo/261/
Aster Silicates Limited,http://www.chittorgarh.com/ipo/aster_silicates_ipo/249/
Persistent Systems Ltd,http://www.chittorgarh.com/ipo/persistent_systems_ipo/234/
United Bank of India,http://www.chittorgarh.com/ipo/united_bank_of_india_ipo/229/
Gujarat Pipavav Port Ltd,http://www.chittorgarh.com/ipo/gujarat_pipavav_ipo/256/
Tirupati Inks Limited,http://www.chittorgarh.com/ipo/tirupati_inks_fpo/262/
Gallantt Ispat Limited,http://www.chittorgarh.com/ipo/gallantt_ispat_ipo/268/
Fatpipe Networks India Ltd,http://www.chittorgarh.com/ipo/fatpipe_networks_ipo/246/
Talwalkars Better Value Fitness Limited,http://www.chittorgarh.com/ipo/talwalkars_ipo/238/
Tarapur Transformers Limited,http://www.chittorgarh.com/ipo/tarapur_transformers_ipo/239/
Rural Electrification Corporation Ltd,http://www.chittorgarh.com/ipo/rec_fpo/223/
Nitesh Estates Limited,http://www.chittorgarh.com/ipo/nitesh_estates_ipo/240/
Jaypee Infratech Limited,http://www.chittorgarh.com/ipo/jaypee_infratech_ipo/243/
Prestige Estates Projects Limited,http://www.chittorgarh.com/ipo/prestige_estates_ipo/277/
Aqua Logistics Ltd,http://www.chittorgarh.com/ipo/aqua_logistics_ipo/216/
Intrasoft Technologies Limited,http://www.chittorgarh.com/ipo/intrasoft_ipo/236/
Godrej Properties Ltd,http://www.chittorgarh.com/ipo/godrej_properties_ipo/212/
Tara Health Foods Limited,http://www.chittorgarh.com/ipo/tara_health_ipo/244/
Jubilant FoodWorks Limited,http://www.chittorgarh.com/ipo/jubilant_foodworks_ipo/218/
Man Infra Construction Ltd,http://www.chittorgarh.com/ipo/man_infraconstruction_ipo/228/
Goenka Diamonds and Jewels Limited,http://www.chittorgarh.com/ipo/goenka_ipo/237/
DB Realty Limited,http://www.chittorgarh.com/ipo/db_realty_ipo/224/
Cantabil Retail India Limited,http://www.chittorgarh.com/ipo/cantabil_ipo/271/
Mandhana Industries Ltd,http://www.chittorgarh.com/ipo/mandhana_industries_ipo/242/
IL&FS Transportation Networks Limited,http://www.chittorgarh.com/ipo/ilfs_transportation_ipo/233/
DQ Entertainment (International) Limited,http://www.chittorgarh.com/ipo/dq_entertainment_ipo/231/
Midfield Industries Limited,http://www.chittorgarh.com/ipo/midfield_industries_ipo/251/
Vascon Engineers Ltd,http://www.chittorgarh.com/ipo/vascon_engineers_ipo/221/
Shree Ganesh Jewellery House Limited,http://www.chittorgarh.com/ipo/shree_ganesh_ipo/235/
Hathway Cable and Datacom Limited,http://www.chittorgarh.com/ipo/hathway_cable_ipo/225/
Gravita India Limited,http://www.chittorgarh.com/ipo/gravita_ipo/280/
Ashok Buildcon Limited,http://www.chittorgarh.com/ipo/ashoka_ipo/270/
Emmbi Polyarns Limited,http://www.chittorgarh.com/ipo/emmbi_polyarns_ipo/222/
Birla Shloka Edutech Limited,http://www.chittorgarh.com/ipo/birla_shloka_fpo/217/
ARSS Infrastructure Projects Ltd,http://www.chittorgarh.com/ipo/arss_infra_ipo/226/
Cox and Kings (India) Limited,http://www.chittorgarh.com/ipo/cox_and_kings_ipo/209/
D B Corp Limited,http://www.chittorgarh.com/ipo/d_b_corp_ipo/213/
JSW Energy Ltd,http://www.chittorgarh.com/ipo/jsw_energy_ipo/211/
Den Networks Limited,http://www.chittorgarh.com/ipo/den_networks_ipo/207/
Thangamayil Jewellery Limited,http://www.chittorgarh.com/ipo/thangamayil_ipo/219/
IndiaBulls Power Limited,http://www.chittorgarh.com/ipo/indiabulls_power_ipo/206/
Adani Power Ltd,http://www.chittorgarh.com/ipo/adani_power_ipo/199/
Thinksoft Global Services Limited,http://www.chittorgarh.com/ipo/thinksoft_ipo/205/
Pradip Overseas Limited,http://www.chittorgarh.com/ipo/pradip_overseas_ipo/232/
Sea TV Network Limited,http://www.chittorgarh.com/ipo/sea_tv_network_ipo/272/
Texmo Pipes and Products Ltd,http://www.chittorgarh.com/ipo/texmo_ipo/227/
Reliance Power Limited,http://www.chittorgarh.com/ipo/reliance_power_ipo/128/
Mahindra Holidays and Resorts India Limited,http://www.chittorgarh.com/ipo/mahindra_holidays_ipo/196/
BS Transcomm Limited,http://www.chittorgarh.com/ipo/bs_transcomm_ipo/276/
MBL Infrastructures Limited,http://www.chittorgarh.com/ipo/mbl_infra_ipo/210/
Globus Spirits Limited,http://www.chittorgarh.com/ipo/globus_spirits_ipo/161/
Syncom Healthcare Limited,http://www.chittorgarh.com/ipo/syncom_healthcare_ipo/220/
Jindal Cotex Limited,http://www.chittorgarh.com/ipo/jindal_cotex_ipo/202/
Astec Lifesciences Limited,http://www.chittorgarh.com/ipo/astec_ipo/208/
Rishabdev Technocable Limited,http://www.chittorgarh.com/ipo/rishabhdev_technocable_ipo/195/
NHPC Limited,http://www.chittorgarh.com/ipo/nhpc_ipo/200/
Excel Infoways Limited,http://www.chittorgarh.com/ipo/excel_infoways_ipo/197/
Gemini Engi Fab Limited,http://www.chittorgarh.com/ipo/gemini_engi-fab_ipo/193/
Raj Oil Mills Limited,http://www.chittorgarh.com/ipo/raj_oil_mills_ipo/198/
Edserv Softsystems Limited,http://www.chittorgarh.com/ipo/edserv_softsystems_ipo/194/
Infinite Computer Solutions (India) Limited,http://www.chittorgarh.com/ipo/infinite_computer_ipo/214/
Adani Power Limited,http://www.chittorgarh.com/ipo//0/
20 Microns Limited,http://www.chittorgarh.com/ipo/20_microns_ipo/190/
Vishal Information Technologies Limited,http://www.chittorgarh.com/ipo/vishal_information_ipo/186/
KSK Energy Ventures Limited,http://www.chittorgarh.com/ipo/ksk_energy_ipo/184/
Lotus Eye Care Hospital Limited,http://www.chittorgarh.com/ipo/lotus_eye_care_ipo/182/
Ashoka Buildcon Limited,http://www.chittorgarh.com/ipo//0/
Pipavav Shipyard Limited,http://www.chittorgarh.com/ipo/pipavav_shipyard_ipo/203/
Bang Overseas Limited,http://www.chittorgarh.com/ipo/bang_overseas_ipo/159/
Nu Tek India Limited,http://www.chittorgarh.com/ipo/nu_tek_india_ipo/187/
Euro Multivision Limited,http://www.chittorgarh.com/ipo/euro_multivision_ipo/204/
Bafna Pharmaceuticals Limited,http://www.chittorgarh.com/ipo/bafna_pharmaceuticals_ipo/176/
Birla Cotsyn (India) Limited,http://www.chittorgarh.com/ipo/birla_cotsyn_ipo/185/
Manjushree Extrusions Ltd,http://www.chittorgarh.com/ipo/manjushree_fpo/150/
Resurgere Mines and Minerals India Limited,http://www.chittorgarh.com/ipo/resurgere_mines_minerals_ipo/189/
Oil India Limited,http://www.chittorgarh.com/ipo/oil_india_ipo/201/
Sejal Architectural Glass Limited,http://www.chittorgarh.com/ipo/sejal_ipo/179/
V-Guard Industries Limited,http://www.chittorgarh.com/ipo/v-guard_ipo/165/
Somi Conveyor Beltings Limited,http://www.chittorgarh.com/ipo/somi_conveyor_ipo/183/
Gokul Refoils and Solvent Limited,http://www.chittorgarh.com/ipo/gokul_refoils_ipo/173/
Archidply Industries Limited,http://www.chittorgarh.com/ipo/archidply_ipo/181/
First Winner Industries Limited,http://www.chittorgarh.com/ipo/first_winner_ipo/180/
Titagarh Wagons Limited,http://www.chittorgarh.com/ipo/titagarh_wagons_ipo/171/
Shriram EPC Limited,http://www.chittorgarh.com/ipo/shriram_epc_ipo/162/
Austral Coke & Projects Limited,http://www.chittorgarh.com/ipo/austral_ipo/188/
Future Capital Holdings Limited,http://www.chittorgarh.com/ipo/future_capital_ipo/151/
Gammon Infrastructure Projects Limited,http://www.chittorgarh.com/ipo/gammon_infra_ipo/168/
IRB Infrastructure Developers Limited,http://www.chittorgarh.com/ipo/irb_infra_ipo/156/
Anu's Laboratories Limited,http://www.chittorgarh.com/ipo/anu_laboratories_ipo/174/
Transformers and Rectifiers (India) Limited,http://www.chittorgarh.com/ipo/transformers_rectifiers_ipo/144/
Emaar MGF Land Limited,http://www.chittorgarh.com/ipo/mgf_ipo/152/
KNR Constructions Limited,http://www.chittorgarh.com/ipo/knr_constructions_ipo/158/
Avon Weighing Systems Limited,http://www.chittorgarh.com/ipo/avon_weighing_ipo/178/
J Kumar Infraprojects Limited,http://www.chittorgarh.com/ipo/j_kumar_infraprojects_ipo/153/
Onmobile Global Limited,http://www.chittorgarh.com/ipo/onmobile_global_ipo/155/
Brigade Enterprises Limited,http://www.chittorgarh.com/ipo/brigade_ipo/145/
eClerx Services Limited,http://www.chittorgarh.com/ipo/eclerx_ipo/143/
Cords Cable Industries Limited,http://www.chittorgarh.com/ipo/cords_cable_ipo/154/
Alkali Metals Limited,http://www.chittorgarh.com/ipo/alkali_metals_ipo/192/
Tulsi Extrusions Limited,http://www.chittorgarh.com/ipo/tulsi_ipo/163/
Rural Electrification Corporation Limited,http://www.chittorgarh.com/ipo/rec_ipo/167/
Sita Shree Food Products Limited,http://www.chittorgarh.com/ipo/sita_shree_ipo/169/
Wockhardt Hospitals Limited,http://www.chittorgarh.com/ipo/wockhardt_hospitals_ipo/160/
Edelweiss Capital Limited,http://www.chittorgarh.com/ipo/edelweiss_ipo/136/
Mundra Port and Special Economic Zone Ltd,http://www.chittorgarh.com/ipo/mundra_port_ipo/132/
Porwal Auto Components Limited,http://www.chittorgarh.com/ipo/porwal_auto_ipo/147/
BGR Energy Systems Limited,http://www.chittorgarh.com/ipo/bgr_energy_ipo/142/
Niraj Cement Structurals Limited,http://www.chittorgarh.com/ipo/niraj_cement_structurals_ipo/175/
Aishwarya Telecom Limited,http://www.chittorgarh.com/ipo/aishwarya_telecom_ipo/172/
Precision Pipes and Profiles company Limited,http://www.chittorgarh.com/ipo/precision_pipes_ipo/149/
Everon Systems India Limited,http://www.chittorgarh.com/ipo/everonn_ipo/98/
Renaissance Jewellery Limited,http://www.chittorgarh.com/ipo/renaissance_ipo/138/
Religare Enterprises Limited,http://www.chittorgarh.com/ipo/religare_ipo/131/
Varun Industries Limited,http://www.chittorgarh.com/ipo/varun_industries_ipo/133/
Jyothy Laboratories Limited,http://www.chittorgarh.com/ipo/jyothi_laboratories_ipo/139/
Consolidated Construction Consortium Limited,http://www.chittorgarh.com/ipo/cccl_ipo/123/
Central Bank of India,http://www.chittorgarh.com/ipo/central_bank_of_india_ipo/104/
Kiri Dyes and Chemcials Limited,http://www.chittorgarh.com/ipo/kiri_dyes_ipo/170/
ICICI Bank Limited,http://www.chittorgarh.com/ipo/icici_bank_fpo/93/
Maytas Infra Limited,http://www.chittorgarh.com/ipo/maytas_ipo/127/
SVEC Constructions Limited,http://www.chittorgarh.com/ipo/svec_constructions_ipo/164/
SVPCL Limited,http://www.chittorgarh.com/ipo/svpcl_ipo/130/
Burnpur Cement Limited,http://www.chittorgarh.com/ipo/burnpur_cement_ipo/141/
Koutons Retail India Limited,http://www.chittorgarh.com/ipo/koutons_ipo/122/
Power Grid Corporation of India Limited,http://www.chittorgarh.com/ipo/power_grid_ipo/118/
Saamya Biotech (India) Limited,http://www.chittorgarh.com/ipo/saamya_biotech_ipo/126/
Bharat Earth Movers Limited,http://www.chittorgarh.com/ipo/beml_ipo/94/
Aries Agro Limited,http://www.chittorgarh.com/ipo/aries_agro_ipo/146/
Motilal Oswal Financial Services Limited,http://www.chittorgarh.com/ipo/motilal_oswal_ipo/114/
Kaveri Seed Company Limited,http://www.chittorgarh.com/ipo/kaveri_seed_ipo/120/
Dhanus Technologies Limited,http://www.chittorgarh.com/ipo/dhanus_technologies_ipo/121/
Dagger Forst Tools Limited,http://www.chittorgarh.com/ipo/dagger_forst_fpo/113/
GSS America Infotech Limited,http://www.chittorgarh.com/ipo/gss_america_infotech_ipo/166/
Rathi Bars Limited,http://www.chittorgarh.com/ipo/rathi_bars_ipo/129/
Zylog Systems Limited,http://www.chittorgarh.com/ipo/zylog_ipo/106/
Magnum Ventures Limited,http://www.chittorgarh.com/ipo/magnum_ventures_ipo/116/
Indowind Energy Limited,http://www.chittorgarh.com/ipo/indowind_ipo/115/
Spice Communications Limited,http://www.chittorgarh.com/ipo/spice_telecom_ipo/96/
IT People (India) Limited,http://www.chittorgarh.com/ipo/it_people_fpo/117/
Housing Development and Infrastructure Ltd,http://www.chittorgarh.com/ipo/hdil_ipo/97/
Kolte Patil Developers Ltd,http://www.chittorgarh.com/ipo/kolte_patil_developers_ipo/137/
Supreme Infrastructure India Limited,http://www.chittorgarh.com/ipo/supreme_infrastructure_ipo/125/
Asian Granito India Limited,http://www.chittorgarh.com/ipo/asian_granito_ipo/108/
Manaksia Limited,http://www.chittorgarh.com/ipo/manaksia_ipo/148/
Refex Refrigerants Limited,http://www.chittorgarh.com/ipo/refex_ipo/105/
IVR Prime Urban Developers Limited,http://www.chittorgarh.com/ipo/ivr_prime_ipo/107/
Allied Digital Services Limited,http://www.chittorgarh.com/ipo/allied_digital_ipo/99/
Decolight Ceramics Limited,http://www.chittorgarh.com/ipo/decolight_ipo/85/
Puravankara Projects Limited,http://www.chittorgarh.com/ipo/puravankara_ipo/110/
Circuit Systems (India) Ltd,http://www.chittorgarh.com/ipo/circuit_systems_ipo/124/
DLF Limited,http://www.chittorgarh.com/ipo/dlf_ipo/86/
Page Industries Limited,http://www.chittorgarh.com/ipo/page_industries_ipo/69/
Nitin Fire Protection Industries Limited,http://www.chittorgarh.com/ipo/nitin_fire_ipo/83/
Autoline Industries Limited,http://www.chittorgarh.com/ipo/autoline_ipo/37/
Insecticides (India) Limited,http://www.chittorgarh.com/ipo/insecticides_ipo/80/
Time Technoplast Limitted,http://www.chittorgarh.com/ipo/time_technoplast_ipo/84/
Asahi Songwon Colors Limited,http://www.chittorgarh.com/ipo/asahi_songwon_ipo/81/
Barak Valley Cements Limited,http://www.chittorgarh.com/ipo/barak_valley_cements_ipo/134/
Omaxe Limited,http://www.chittorgarh.com/ipo/omaxe_ipo/100/
Power Finance Corporation Limited,http://www.chittorgarh.com/ipo/pfc_ipo/45/
TAKE Solution Limited,http://www.chittorgarh.com/ipo/take_solutions_ipo/111/
Alpa Laboratories Limited,http://www.chittorgarh.com/ipo/alpa_ipo/101/
Nelcast Limited,http://www.chittorgarh.com/ipo/nelcast_ipo/88/
Mind Tree Consulting Limited,http://www.chittorgarh.com/ipo/mindtree_ipo/60/
Indian Bank,http://www.chittorgarh.com/ipo/indian_bank_ipo/48/
Indus Fila Limited,http://www.chittorgarh.com/ipo/indus_fila_ipo/63/
Kaushalya Infrastructure Development Corporation Limited,http://www.chittorgarh.com/ipo/kaushalya_ipo/140/
Idea Cellular Limited,http://www.chittorgarh.com/ipo/idea_cellular_ipo/50/
Roman Tarmat Limited,http://www.chittorgarh.com/ipo/roman_tarmat_ipo/89/
Vishal Retail Limited,http://www.chittorgarh.com/ipo/vishal_retail_ipo/90/
Allied Computers International (Asia) Limited,http://www.chittorgarh.com/ipo/aci_ipo/119/
SEL Manufacturing Company Limited,http://www.chittorgarh.com/ipo/sel_ipo/109/
Astral Poly Technik Limited,http://www.chittorgarh.com/ipo/astral_ipo/62/
MIC Electronics Limited,http://www.chittorgarh.com/ipo/mic_electronics_ipo/78/
First Source Solutions Limited,http://www.chittorgarh.com/ipo/firstsource_ipo/49/
Technocraft Industries (India) Limited,http://www.chittorgarh.com/ipo/technocraft_ipo/44/
Megmani Organics Limited,http://www.chittorgarh.com/ipo/meghmani_ipo/87/
House of Pearl Fashions Limited,http://www.chittorgarh.com/ipo/house_of_pearl_ipo/38/
Mudra Lifetyle Limited,http://www.chittorgarh.com/ipo/mudra_lifestyle_ipo/55/
Raj Television Network Limited,http://www.chittorgarh.com/ipo/raj_television_ipo/65/
Vijayeswari Textiles Limited,http://www.chittorgarh.com/ipo/vijayeswari_textiles_ipo/56/
Cairn India Limited,http://www.chittorgarh.com/ipo/cairn_ipo/29/
C & C Constructions Limited,http://www.chittorgarh.com/ipo/constructions_ipo/53/
Advanta India Limited,http://www.chittorgarh.com/ipo/advanta_ipo/73/
Akruti Nirman Limited,http://www.chittorgarh.com/ipo/akruti_ipo/43/
Fortis Healthcare Limited,http://www.chittorgarh.com/ipo/fortis_healthcare_ipo/76/
Glory Polyfilms Limited,http://www.chittorgarh.com/ipo/glory_polyfilms_ipo/82/
Omnitech InfoSolutions Limited,http://www.chittorgarh.com/ipo/omnitech_ipo/103/
Ankit Metal & Power Limited,http://www.chittorgarh.com/ipo/ankit_metal_ipo/92/
Cinemax India Limited,http://www.chittorgarh.com/ipo/cinemax_ipo/42/
AMD Metplast Limited,http://www.chittorgarh.com/ipo/amd_metplast_ipo/64/
Euro Ceramics Limited,http://www.chittorgarh.com/ipo/euro_ceramics_ipo/54/
Vimal Oil and Foods Limited,http://www.chittorgarh.com/ipo/vimal_oil_ipo/68/
SMS Pharmaceuticals Limited,http://www.chittorgarh.com/ipo/sms_pharmaceuticals_ipo/51/
Hilton Metal Forging Limited,http://www.chittorgarh.com/ipo/hilton_metal_ipo/75/
Jagjanani Textile Limited,http://www.chittorgarh.com/ipo/jagjanani_ipo/59/
Nissan Copper Limited,http://www.chittorgarh.com/ipo/nissan_copper_ipo/32/
Parsvnath Developers Limited,http://www.chittorgarh.com/ipo/parsvanath_ipo/20/
Ess Dee Aluminium Limited,http://www.chittorgarh.com/ipo/ess_dee_ipo/30/
Global Broadcast News Limited,http://www.chittorgarh.com/ipo/gbn_ipo/39/
Orbit Corporation Limited,http://www.chittorgarh.com/ipo/orbit_ipo/72/
Lumax Auto Technologies Limited,http://www.chittorgarh.com/ipo/lumax_ipo/33/
Development Credit Bank Limited,http://www.chittorgarh.com/ipo/dcb_ipo/17/
ICRA Limited,http://www.chittorgarh.com/ipo/icra_ipo/71/
Lanco Infratech Limited,http://www.chittorgarh.com/ipo/lanco_ipo/21/
Sobha Developers Limited,http://www.chittorgarh.com/ipo/sobha_ipo/22/
Oriental Trimex Limited,http://www.chittorgarh.com/ipo/oriental_trimex_ipo/57/
Pyramid Saimira Theatre Limited,http://www.chittorgarh.com/ipo/pyramid_saimira_ipo/34/
Bhagwati Banquets and Hotels Limited,http://www.chittorgarh.com/ipo/bhagwati_hotels_ipo/77/
Ruchira Papers Limited,http://www.chittorgarh.com/ipo/ruchira_ipo/25/
Yogindera Worsted Limited,http://www.chittorgarh.com/ipo/yogindera_ipo/41/
FIEM Industries Limited,http://www.chittorgarh.com/ipo/fiem_ipo/10/
LT Overseas Limited,http://www.chittorgarh.com/ipo/lt_overseas_ipo/26/
Blue Bird (India) Limited,http://www.chittorgarh.com/ipo/blue_bird_ipo/23/
Celestial Labs Limited,http://www.chittorgarh.com/ipo/celestial_labs_ipo/91/
Pochiraju Industries Limited,http://www.chittorgarh.com/ipo/pochiraju_ipo/40/
Gayatri Projects Limited,http://www.chittorgarh.com/ipo/gayatri_ipo/11/
Gulshan Sugars & Chemicals Limited,http://www.chittorgarh.com/ipo/gulshan_sugars_fpo/24/
Transwarranty Finance Limited,http://www.chittorgarh.com/ipo/transwarranty_ipo/47/
Suryachakra Power Corporation Limited,http://www.chittorgarh.com/ipo/suryachakra_ipo/95/
Abhishek Mills Limited,http://www.chittorgarh.com/ipo/abhishek_mills_ipo/66/
Cambridge Technology Enterprises Limited,http://www.chittorgarh.com/ipo/cambridge_technology_ipo/36/
Evinix Accessories Limited,http://www.chittorgarh.com/ipo/evinix_ipo/58/
Ammana Bio-Pharma Limited,http://www.chittorgarh.com/ipo/ammana_bio_ipo/74/
Info Edge (India) Limited,http://www.chittorgarh.com/ipo/info_edge_ipo/19/
Broadcast Initiatives Limited,http://www.chittorgarh.com/ipo/broadcast_initiatives_ipo/61/
Global Vectra Helicorp Limited,http://www.chittorgarh.com/ipo/global_vectra_ipo/16/
Tubeknit Fashions Limited,http://www.chittorgarh.com/ipo/tubeknit_ipo/67/
Miniar International Limited,http://www.chittorgarh.com/ipo/minar_ipo/12/
XL Telecom Limited,http://www.chittorgarh.com/ipo/xl_telecom_ipo/28/
Zenith Birla India Limited,http://www.chittorgarh.com/ipo/zenith_birla_fpo/18/
Shree Ashtavinayak Cine Vision Limited,http://www.chittorgarh.com/ipo/ashtavinayak_ipo/35/
Accel Frontline Limited,http://www.chittorgarh.com/ipo/accel_frontline_ipo/15/
Voltamp Transformers Limited,http://www.chittorgarh.com/ipo/voltamp_ipo/1/
Chemcel Bio-Tech Limited,http://www.chittorgarh.com/ipo/chemcel_biotech_ipo/191/
HOV Services Limited,http://www.chittorgarh.com/ipo/hov_ipo/6/
Action Construction Equipments Limited,http://www.chittorgarh.com/ipo/action_ipo/4/
JHS Svendgaard Laboratories Limited,http://www.chittorgarh.com/ipo/jhs_ipo/13/
Richa Knits Limited ,http://www.chittorgarh.com/ipo/richa_knits_ipo/9/
Atlanta Limited,http://www.chittorgarh.com/ipo/atlanta_ipo/5/
Gwalior Chemical Industries Limited,http://www.chittorgarh.com/ipo/gwalior_chemical_ipo/8/
Hanung Toys and Textiles Limited,http://www.chittorgarh.com/ipo/hanung_ipo/14/
Deep Industries Limited,http://www.chittorgarh.com/ipo/deep_industries_ipo/2/
Usher Agro Limited ,http://www.chittorgarh.com/ipo/usher_agro_ipo/7/
Kovilpatti Lakshmi Roller Flour Mills Ltd,http://www.chittorgarh.com/ipo/klrf_ipo/27/
Gremach Infra Equipments & Projects Ltd,http://www.chittorgarh.com/ipo/gremach_ipo/70/
Binani Cement Ltd,http://www.chittorgarh.com/ipo/binani_cement_ipo/79/
Lawreshwar Polymers Ltd,http://www.chittorgarh.com/ipo/lawreshwar_ipo/52/
