"","LMName","IssuerCompany"
"1","Kotak Mahindra Capital Company Limited","Ujjivan Financial Services Ltd IPO"
"2","Kotak Mahindra Capital Company Limited","Infibeam Incorporation Ltd IPO"
"3","Kotak Mahindra Capital Company Limited","Healthcare Global Enterprises Ltd IPO"
"4","Kotak Mahindra Capital Company Limited","Dr. Lal PathLabs Limited IPO"
"5","Kotak Mahindra Capital Company Limited","S H Kelkar & Company Ltd IPO"
"6","Kotak Mahindra Capital Company Limited","Coffee Day Enterprises Ltd IPO"
"7","Kotak Mahindra Capital Company Limited","Sadbhav Infrastructure Project Limited IPO"
"8","Kotak Mahindra Capital Company Limited","Interglobe Aviation Ltd IPO"
"9","Kotak Mahindra Capital Company Limited","Manpasand Beverages Ltd IPO"
"10","Kotak Mahindra Capital Company Limited","Adlabs Entertainment Ltd IPO"
"11","Kotak Mahindra Capital Company Limited","Ortel Communications Ltd IPO"
"12","Kotak Mahindra Capital Company Limited","Bharti Infratel Limited IPO"
"13","Kotak Mahindra Capital Company Limited","PC Jeweller Ltd IPO"
"14","Kotak Mahindra Capital Company Limited","Credit Analysis & Research Ltd IPO"
"15","Kotak Mahindra Capital Company Limited","Speciality Restaurants Ltd IPO"
"16","Kotak Mahindra Capital Company Limited","Future Ventures India Ltd IPO"
"17","Kotak Mahindra Capital Company Limited","Muthoot Finance Ltd IPO"
"18","Kotak Mahindra Capital Company Limited","Prestige Estates Projects Ltd IPO"
"19","Kotak Mahindra Capital Company Limited","Oberoi Realty Ltd IPO"
"20","Kotak Mahindra Capital Company Limited","Tecpro Systems Ltd IPO"
"21","Kotak Mahindra Capital Company Limited","Eros International Media Ltd IPO"
"22","Kotak Mahindra Capital Company Limited","Coal India Limited IPO"
"23","Kotak Mahindra Capital Company Limited","Gujarat Pipavav Port Ltd (GPPL) IPO"
"24","Kotak Mahindra Capital Company Limited","Bajaj Corp Limited IPO"
"25","Kotak Mahindra Capital Company Limited","SKS Microfinance Ltd IPO"
"26","Kotak Mahindra Capital Company Limited","Hindustan Media Ventures Ltd IPO"
"27","Kotak Mahindra Capital Company Limited","Nitesh Estates Limited IPO"
"28","Kotak Mahindra Capital Company Limited","Hathway Cable & Datacom Ltd IPO"
"29","Kotak Mahindra Capital Company Limited","D B Realty Limited IPO"
"30","Kotak Mahindra Capital Company Limited","Vascon Engineers Limited IPO"
"31","Kotak Mahindra Capital Company Limited","Jubilant Foodworks Ltd IPO"
"32","Kotak Mahindra Capital Company Limited","D B Corp Limited IPO"
"33","Kotak Mahindra Capital Company Limited","Godrej Properties Limited IPO"
"34","Kotak Mahindra Capital Company Limited","JSW Energy Limited IPO"
"35","Kotak Mahindra Capital Company Limited","Pipavav Shipyard Limited IPO"
"36","Kotak Mahindra Capital Company Limited","NHPC Limited IPO"
"37","Kotak Mahindra Capital Company Limited","Adani Power Limited IPO"
"38","Kotak Mahindra Capital Company Limited","Mahindra Holidays and Resorts India Ltd IPO"
"39","Kotak Mahindra Capital Company Limited","KSK Energy Ventures Ltd IPO"
"40","Kotak Mahindra Capital Company Limited","Titagarh Wagons Limited IPO"
"41","Kotak Mahindra Capital Company Limited","Shriram EPC Limited IPO"
"42","Kotak Mahindra Capital Company Limited","IRB Infrastructure Developers Ltd IPO"
"43","Kotak Mahindra Capital Company Limited","Future Capital Holdings Ltd IPO"
"44","Kotak Mahindra Capital Company Limited","BGR Energy Systems Limited IPO"
"45","Kotak Mahindra Capital Company Limited","Jyothi Laboratories Limited IPO"
"46","Kotak Mahindra Capital Company Limited","Edelweiss Capital Limited IPO"
"47","Kotak Mahindra Capital Company Limited","Reliance Power Limited IPO"
"48","Kotak Mahindra Capital Company Limited","Maytas Infra Limited IPO"
"49","Kotak Mahindra Capital Company Limited","Consolidated Construction Consortium Ltd IPO"
"50","Kotak Mahindra Capital Company Limited","Power Grid Corporation of India Ltd. IPO"
"51","Kotak Mahindra Capital Company Limited","K.P.R. Mill Limited IPO"
"52","Kotak Mahindra Capital Company Limited","Puravankara Projects Limited IPO"
"53","Kotak Mahindra Capital Company Limited","IVR Prime Urban Developers Ltd IPO"
"54","Kotak Mahindra Capital Company Limited","Housing Development and Infrastructure Ltd IPO"
"55","Kotak Mahindra Capital Company Limited","Fortis Healthcare Ltd IPO"
"56","Kotak Mahindra Capital Company Limited","ICRA Limited IPO"
"57","Kotak Mahindra Capital Company Limited","MindTree Consulting Limited IPO"
"58","Kotak Mahindra Capital Company Limited","Indian Bank IPO"
"59","Kotak Mahindra Capital Company Limited","Power Finance Corporation Ltd. IPO"
"60","Kotak Mahindra Capital Company Limited","Global Broadcast News Ltd IPO"
"61","UBS Securities India Private Limited","Interglobe Aviation Ltd IPO"
"62","UBS Securities India Private Limited","Bharti Infratel Limited IPO"
"63","UBS Securities India Private Limited","Prestige Estates Projects Ltd IPO"
"64","UBS Securities India Private Limited","Orient Green Power Company Ltd IPO"
"65","UBS Securities India Private Limited","Hathway Cable & Datacom Ltd IPO"
"66","UBS Securities India Private Limited","Future Capital Holdings Ltd IPO"
"67","UBS Securities India Private Limited","BGR Energy Systems Limited IPO"
"68","UBS Securities India Private Limited","Reliance Power Limited IPO"
"69","UBS Securities India Private Limited","Simplex Projects Limited IPO"
"70","UBS Securities India Private Limited","DLF Limited IPO"
"71","UBS Securities India Private Limited","Advanta India Limited IPO"
"72","UBS Securities India Private Limited","Idea Cellular Limited IPO"
"73","ABN AMRO Securities (India) Private Limited","Cairn India Ltd IPO"
"74","Deutsche Equities India Private Limited","Adlabs Entertainment Ltd IPO"
"75","Deutsche Equities India Private Limited","Bharti Infratel Limited IPO"
"76","Deutsche Equities India Private Limited","Ramky Infrastructure Ltd IPO"
"77","Deutsche Equities India Private Limited","Coal India Limited IPO"
"78","Deutsche Equities India Private Limited","Den Networks Limited IPO"
"79","Deutsche Equities India Private Limited","IRB Infrastructure Developers Ltd IPO"
"80","Deutsche Equities India Private Limited","OnMobile Global Limited IPO"
"81","Deutsche Equities India Private Limited","DLF Limited IPO"
"82","Deutsche Equities India Private Limited","Firstsource Solutions Limited IPO"
"83","Enam Securities Private Limited","Bharti Infratel Limited IPO"
"84","Enam Securities Private Limited","Tara Jewels Limited IPO"
"85","Enam Securities Private Limited","MT Educare Limited IPO"
"86","Enam Securities Private Limited","National Buildings Construction Corporation Ltd IPO"
"87","Enam Securities Private Limited","TD Power Systems Ltd IPO"
"88","Enam Securities Private Limited","Future Ventures India Ltd IPO"
"89","Enam Securities Private Limited","Punjab & Sind Bank IPO"
"90","Enam Securities Private Limited","A2Z Maintenance & Engineering Services Ltd IPO"
"91","Enam Securities Private Limited","Claris Lifesciences Limited IPO"
"92","Enam Securities Private Limited","Prestige Estates Projects Ltd IPO"
"93","Enam Securities Private Limited","Oberoi Realty Ltd IPO"
"94","Enam Securities Private Limited","Ashoka Buildcon Ltd IPO"
"95","Enam Securities Private Limited","Electrosteel Integrated Ltd IPO"
"96","Enam Securities Private Limited","Ramky Infrastructure Ltd IPO"
"97","Enam Securities Private Limited","Eros International Media Ltd IPO"
"98","Enam Securities Private Limited","Indosolar Ltd IPO"
"99","Enam Securities Private Limited","VA Tech Wabag Ltd IPO"
"100","Enam Securities Private Limited","Coal India Limited IPO"
"101","Enam Securities Private Limited","Jaypee Infratech Ltd IPO"
"102","Enam Securities Private Limited","Nitesh Estates Limited IPO"
"103","Enam Securities Private Limited","Persistent Systems Limited IPO"
"104","Enam Securities Private Limited","IL&FS Transportation Networks Ltd IPO"
"105","Enam Securities Private Limited","United Bank of India IPO"
"106","Enam Securities Private Limited","D B Realty Limited IPO"
"107","Enam Securities Private Limited","Vascon Engineers Limited IPO"
"108","Enam Securities Private Limited","D B Corp Limited IPO"
"109","Enam Securities Private Limited","Pipavav Shipyard Limited IPO"
"110","Enam Securities Private Limited","NHPC Limited IPO"
"111","Enam Securities Private Limited","Adani Power Limited IPO"
"112","Enam Securities Private Limited","Future Capital Holdings Ltd IPO"
"113","Enam Securities Private Limited","Brigade Enterprises Limited IPO"
"114","Enam Securities Private Limited","Transformers and Rectifiers India Ltd IPO"
"115","Enam Securities Private Limited","Jyothi Laboratories Limited IPO"
"116","Enam Securities Private Limited","Mundra Port and Special Economic Zone Ltd IPO"
"117","Enam Securities Private Limited","Religare Enterprises Limited IPO"
"118","Enam Securities Private Limited","Reliance Power Limited IPO"
"119","Enam Securities Private Limited","Consolidated Construction Consortium Ltd IPO"
"120","Enam Securities Private Limited","Power Grid Corporation of India Ltd. IPO"
"121","Enam Securities Private Limited","IVR Prime Urban Developers Ltd IPO"
"122","Enam Securities Private Limited","Central Bank of India IPO"
"123","Enam Securities Private Limited","Vishal Retail Ltd IPO"
"124","Enam Securities Private Limited","Indian Bank IPO"
"125","Enam Securities Private Limited","Redington (India) Limited IPO"
"126","Enam Securities Private Limited","Power Finance Corporation Ltd. IPO"
"127","Enam Securities Private Limited","Akruti Nirman Limited IPO"
"128","Enam Securities Private Limited","Cinemax India Ltd IPO"
"129","ICICI Securities Limited","Ujjivan Financial Services Ltd IPO"
"130","ICICI Securities Limited","Thyrocare Technologies Ltd IPO"
"131","ICICI Securities Limited","Equitas Holdings Limited IPO"
"132","ICICI Securities Limited","Infibeam Incorporation Ltd IPO"
"133","ICICI Securities Limited","Quick Heal Technologies Ltd IPO"
"134","ICICI Securities Limited","TeamLease Services Ltd IPO"
"135","ICICI Securities Limited","Sadbhav Infrastructure Project Limited IPO"
"136","ICICI Securities Limited","Manpasand Beverages Ltd IPO"
"137","ICICI Securities Limited","PNC Infratech Limited IPO"
"138","ICICI Securities Limited","VRL Logistics Ltd IPO"
"139","ICICI Securities Limited","Shemaroo Entertainment Ltd IPO"
"140","ICICI Securities Limited","Wonderla Holidays Ltd IPO"
"141","ICICI Securities Limited","Bharti Infratel Limited IPO"
"142","ICICI Securities Limited","Credit Analysis & Research Ltd IPO"
"143","ICICI Securities Limited","Tara Jewels Limited IPO"
"144","ICICI Securities Limited","Muthoot Finance Ltd IPO"
"145","ICICI Securities Limited","PTC India Financial Services Ltd IPO"
"146","ICICI Securities Limited","Punjab & Sind Bank IPO"
"147","ICICI Securities Limited","A2Z Maintenance & Engineering Services Ltd IPO"
"148","ICICI Securities Limited","Claris Lifesciences Limited IPO"
"149","ICICI Securities Limited","Commercial Engineers & Body Builders Co Ltd IPO"
"150","ICICI Securities Limited","Parabolic Drugs Limited IPO"
"151","ICICI Securities Limited","Jaypee Infratech Ltd IPO"
"152","ICICI Securities Limited","Nitesh Estates Limited IPO"
"153","ICICI Securities Limited","Shree Ganesh Jewellery House Ltd IPO"
"154","ICICI Securities Limited","Godrej Properties Limited IPO"
"155","ICICI Securities Limited","JSW Energy Limited IPO"
"156","ICICI Securities Limited","Adani Power Limited IPO"
"157","ICICI Securities Limited","Rural Electrification Corporation Ltd. IPO"
"158","ICICI Securities Limited","Shriram EPC Limited IPO"
"159","ICICI Securities Limited","OnMobile Global Limited IPO"
"160","ICICI Securities Limited","Manaksia Limited IPO"
"161","ICICI Securities Limited","Brigade Enterprises Limited IPO"
"162","ICICI Securities Limited","K.P.R. Mill Limited IPO"
"163","ICICI Securities Limited","Central Bank of India IPO"
"164","ICICI Securities Limited","DLF Limited IPO"
"165","ICICI Securities Limited","Firstsource Solutions Limited IPO"
"166","ICICI Securities Limited","Indian Bank IPO"
"167","ICICI Securities Limited","Power Finance Corporation Ltd. IPO"
"168","ICICI Securities Limited","Global Broadcast News Ltd IPO"
"169","JM Financial Consultants Private Limited","Thyrocare Technologies Ltd IPO"
"170","JM Financial Consultants Private Limited","S H Kelkar & Company Ltd IPO"
"171","JM Financial Consultants Private Limited","Repco Home Finance Ltd IPO"
"172","JM Financial Consultants Private Limited","Tree House Education & Accessories Ltd IPO"
"173","JM Financial Consultants Private Limited","L&T Finance Holdings Limited IPO"
"174","JM Financial Consultants Private Limited","Future Ventures India Ltd IPO"
"175","JM Financial Consultants Private Limited","PTC India Financial Services Ltd IPO"
"176","JM Financial Consultants Private Limited","Claris Lifesciences Limited IPO"
"177","JM Financial Consultants Private Limited","BS Transcomm Ltd IPO"
"178","JM Financial Consultants Private Limited","Orient Green Power Company Ltd IPO"
"179","JM Financial Consultants Private Limited","Career Point Infosystems Ltd IPO"
"180","JM Financial Consultants Private Limited","SJVN Ltd (Satluj Jal Vidyut Nigam Ltd) IPO"
"181","JM Financial Consultants Private Limited","IL&FS Transportation Networks Ltd IPO"
"182","JM Financial Consultants Private Limited","JSW Energy Limited IPO"
"183","JM Financial Consultants Private Limited","Pipavav Shipyard Limited IPO"
"184","JM Financial Consultants Private Limited","Oil India Limited IPO"
"185","JM Financial Consultants Private Limited","Adani Power Limited IPO"
"186","JM Financial Consultants Private Limited","Future Capital Holdings Ltd IPO"
"187","JM Financial Consultants Private Limited","eClerx Services Limited IPO"
"188","JM Financial Consultants Private Limited","Mundra Port and Special Economic Zone Ltd IPO"
"189","JM Financial Consultants Private Limited","Maytas Infra Limited IPO"
"190","JM Financial Consultants Private Limited","Omaxe Limited IPO"
"191","JM Financial Consultants Private Limited","Fortis Healthcare Ltd IPO"
"192","J.P. Morgan India Private Limited","Quick Heal Technologies Ltd IPO"
"193","J.P. Morgan India Private Limited","Alkem Laboratories Limited IPO"
"194","J.P. Morgan India Private Limited","Interglobe Aviation Ltd IPO"
"195","J.P. Morgan India Private Limited","Bharti Infratel Limited IPO"
"196","J.P. Morgan India Private Limited","MOIL Limited IPO"
"197","J.P. Morgan India Private Limited","Prestige Estates Projects Ltd IPO"
"198","J.P. Morgan India Private Limited","Oberoi Realty Ltd IPO"
"199","J.P. Morgan India Private Limited","Persistent Systems Limited IPO"
"200","J.P. Morgan India Private Limited","JSW Energy Limited IPO"
"201","J.P. Morgan India Private Limited","Brigade Enterprises Limited IPO"
"202","J.P. Morgan India Private Limited","Reliance Power Limited IPO"
"203","J.P. Morgan India Private Limited","Koutons Retail India Limited IPO"
"204","J.P. Morgan India Private Limited","MindTree Consulting Limited IPO"
"205","J.P. Morgan India Private Limited","Akruti Nirman Limited IPO"
"206","Macquarie India Advisory Services Private Limited","Sadbhav Infrastructure Project Limited IPO"
"207","Macquarie India Advisory Services Private Limited","Gammon Infrastructure Projects Ltd IPO"
"208","SBI Capital Markets Limited","Infibeam Incorporation Ltd IPO"
"209","SBI Capital Markets Limited","Precision Camshafts Ltd IPO"
"210","SBI Capital Markets Limited","Navkar Corporation Limited IPO"
"211","SBI Capital Markets Limited","Monte Carlo Fashions Limited IPO"
"212","SBI Capital Markets Limited","Repco Home Finance Ltd IPO"
"213","SBI Capital Markets Limited","PC Jeweller Ltd IPO"
"214","SBI Capital Markets Limited","Credit Analysis & Research Ltd IPO"
"215","SBI Capital Markets Limited","PTC India Financial Services Ltd IPO"
"216","SBI Capital Markets Limited","Punjab & Sind Bank IPO"
"217","SBI Capital Markets Limited","A2Z Maintenance & Engineering Services Ltd IPO"
"218","SBI Capital Markets Limited","Tecpro Systems Ltd IPO"
"219","SBI Capital Markets Limited","Electrosteel Integrated Ltd IPO"
"220","SBI Capital Markets Limited","Microsec Financial Services Ltd IPO"
"221","SBI Capital Markets Limited","SJVN Ltd (Satluj Jal Vidyut Nigam Ltd) IPO"
"222","SBI Capital Markets Limited","Goenka Diamond & Jewels Ltd IPO"
"223","SBI Capital Markets Limited","DQ Entertainment (International) Ltd IPO"
"224","SBI Capital Markets Limited","United Bank of India IPO"
"225","SBI Capital Markets Limited","ARSS Infrastructure Projects Ltd IPO"
"226","SBI Capital Markets Limited","JSW Energy Limited IPO"
"227","SBI Capital Markets Limited","Pipavav Shipyard Limited IPO"
"228","SBI Capital Markets Limited","NHPC Limited IPO"
"229","SBI Capital Markets Limited","Adani Power Limited IPO"
"230","SBI Capital Markets Limited","Rural Electrification Corporation Ltd. IPO"
"231","SBI Capital Markets Limited","BGR Energy Systems Limited IPO"
"232","SBI Capital Markets Limited","Asian Granito India Ltd IPO"
"233","SBI Capital Markets Limited","ICRA Limited IPO"
"234","SBI Capital Markets Limited","Mudra Lifestyle Limited IPO"
"235","SBI Capital Markets Limited","Indian Bank IPO"
"236","SBI Capital Markets Limited","Tanla Solutions Ltd IPO"
"237","BoA Merrill Lynch","Inox Wind Limited IPO"
"238","BoA Merrill Lynch","Bharti Infratel Limited IPO"
"239","BoA Merrill Lynch","Credit Analysis & Research Ltd IPO"
"240","BoA Merrill Lynch","A2Z Maintenance & Engineering Services Ltd IPO"
"241","BoA Merrill Lynch","Coal India Limited IPO"
"242","BoA Merrill Lynch","Jaypee Infratech Ltd IPO"
"243","BoA Merrill Lynch","Adani Power Limited IPO"
"244","BoA Merrill Lynch","Kolte-Patil Developers Limited IPO"
"245","BoA Merrill Lynch","Mundra Port and Special Economic Zone Ltd IPO"
"246","BoA Merrill Lynch","Maytas Infra Limited IPO"
"247","BoA Merrill Lynch","Puravankara Projects Limited IPO"
"248","BoA Merrill Lynch","Omaxe Limited IPO"
"249","BoA Merrill Lynch","Idea Cellular Limited IPO"
"250","BoA Merrill Lynch","Firstsource Solutions Limited IPO"
"251","BoA Merrill Lynch","Cairn India Ltd IPO"
"252","Citigroup Global Markets India Private Limited","Dr. Lal PathLabs Limited IPO"
"253","Citigroup Global Markets India Private Limited","Coffee Day Enterprises Ltd IPO"
"254","Citigroup Global Markets India Private Limited","Interglobe Aviation Ltd IPO"
"255","Citigroup Global Markets India Private Limited","UFO Moviez Ltd IPO"
"256","Citigroup Global Markets India Private Limited","Just Dial Ltd IPO"
"257","Citigroup Global Markets India Private Limited","L&T Finance Holdings Limited IPO"
"258","Citigroup Global Markets India Private Limited","Coal India Limited IPO"
"259","Citigroup Global Markets India Private Limited","SKS Microfinance Ltd IPO"
"260","Citigroup Global Markets India Private Limited","D B Corp Limited IPO"
"261","Citigroup Global Markets India Private Limited","Pipavav Shipyard Limited IPO"
"262","Citigroup Global Markets India Private Limited","Oil India Limited IPO"
"263","Citigroup Global Markets India Private Limited","Multi Commodity Exchange of India Ltd IPO"
"264","Citigroup Global Markets India Private Limited","Edelweiss Capital Limited IPO"
"265","Citigroup Global Markets India Private Limited","Religare Enterprises Limited IPO"
"266","Citigroup Global Markets India Private Limited","Power Grid Corporation of India Ltd. IPO"
"267","Citigroup Global Markets India Private Limited","Motilal Oswal Financial Services Ltd IPO"
"268","Citigroup Global Markets India Private Limited","Puravankara Projects Limited IPO"
"269","Citigroup Global Markets India Private Limited","Central Bank of India IPO"
"270","Citigroup Global Markets India Private Limited","Omaxe Limited IPO"
"271","Citigroup Global Markets India Private Limited","DLF Limited IPO"
"272","Citigroup Global Markets India Private Limited","Fortis Healthcare Ltd IPO"
"273","Citigroup Global Markets India Private Limited","Idea Cellular Limited IPO"
"274","Keynote Corporate Services Ltd","Shree Pushkar Chemicals and Fertilisers Ltd IPO"
"275","Keynote Corporate Services Ltd","Servalakshmi Paper Ltd IPO"
"276","Keynote Corporate Services Ltd","Gravita India Ltd IPO"
"277","Keynote Corporate Services Ltd","Bedmutha Industries Ltd IPO"
"278","Keynote Corporate Services Ltd","Prakash Steelage Ltd IPO"
"279","Keynote Corporate Services Ltd","Emmbi Polyarns Limited IPO"
"280","Keynote Corporate Services Ltd","Thangamayil Jewellery Limited IPO"
"281","Keynote Corporate Services Ltd","Edserv Softsystems Limited IPO"
"282","Keynote Corporate Services Ltd","20 Microns Limited IPO"
"283","Keynote Corporate Services Ltd","Vishal Information Technologies Ltd IPO"
"284","Keynote Corporate Services Ltd","Lotus Eye Care Hospital Limited IPO"
"285","Keynote Corporate Services Ltd","Avon Weighing Systems Limited IPO"
"286","Keynote Corporate Services Ltd","Bafna Pharmaceuticals Limited IPO"
"287","Keynote Corporate Services Ltd","Sita Shree Food Products Ltd IPO"
"288","Keynote Corporate Services Ltd","Porwal Auto Components Limited IPO"
"289","Keynote Corporate Services Ltd","Refex Refrigerants Limited IPO"
"290","Keynote Corporate Services Ltd","Pyramid Saimira Theatre Ltd IPO"
"291","Keynote Corporate Services Ltd","Deep Industries Ltd IPO"
"292","Almondz Global Securities Limited","PG Electroplast Limited IPO"
"293","Almondz Global Securities Limited","Bharatiya Global Infomedia Ltd IPO"
"294","Almondz Global Securities Limited","PTC India Financial Services Ltd IPO"
"295","Almondz Global Securities Limited","Omkar Speciality Chemicals Ltd IPO"
"296","Almondz Global Securities Limited","Texmo Pipes & Products Ltd IPO"
"297","Almondz Global Securities Limited","Astec LifeSciences Limited IPO"
"298","Almondz Global Securities Limited","First Winner Industries Limited IPO"
"299","Almondz Global Securities Limited","Anu's Laboratories Limited IPO"
"300","Almondz Global Securities Limited","Tulsi Extrusions Limited IPO"
"301","Almondz Global Securities Limited","Bang Overseas Limited IPO"
"302","Almondz Global Securities Limited","Empee Distilleries Limited IPO"
"303","Saffron Capital Advisors Private Limited","Acropetal Technologies Ltd IPO"
"304","Saffron Capital Advisors Private Limited","Aster Silicates Ltd IPO"
"305","Saffron Capital Advisors Private Limited","Aqua Logistics Ltd IPO"
"306","Saffron Capital Advisors Private Limited","Jindal Cotex Limited IPO"
"307","Saffron Capital Advisors Private Limited","Alkali Metals Limited IPO"
"308","Saffron Capital Advisors Private Limited","Austral Coke & Projects Ltd IPO"
"309","Saffron Capital Advisors Private Limited","Sejal Architectural Glass Ltd IPO"
"310","AllBank Finance Ltd","Chemcel Bio-tech Limited IPO"
"311","AllBank Finance Ltd","Austral Coke & Projects Ltd IPO"
"312","AllBank Finance Ltd","Birla Cotsyn (India) Limited IPO"
"313","AllBank Finance Ltd","Niraj Cement Structurals Ltd IPO"
"314","AllBank Finance Ltd","Pochiraju Industries Limited IPO"
"315","Motilal Oswal Investments Advisors Pvt Ltd","Tree House Education & Accessories Ltd IPO"
"316","Motilal Oswal Investments Advisors Pvt Ltd","Ashoka Buildcon Ltd IPO"
"317","Motilal Oswal Investments Advisors Pvt Ltd","MBL Infrastructures Ltd IPO"
"318","Motilal Oswal Investments Advisors Pvt Ltd","Pipavav Shipyard Limited IPO"
"319","Motilal Oswal Investments Advisors Pvt Ltd","Resurgere Mines & Minerals India Ltd IPO"
"320","Motilal Oswal Investments Advisors Pvt Ltd","Archidply Industries Ltd IPO"
"321","Motilal Oswal Investments Advisors Pvt Ltd","Shriram EPC Limited IPO"
"322","Motilal Oswal Investments Advisors Pvt Ltd","Zylog Systems Limited IPO"
"323","SPA Capital Advisors Ltd","SRS Limited IPO"
"324","SPA Capital Advisors Ltd","Cantabil Retail India Ltd IPO"
"325","SPA Capital Advisors Ltd","Parabolic Drugs Limited IPO"
"326","SPA Capital Advisors Ltd","Infinite Computer Solutions India Ltd IPO"
"327","SPA Capital Advisors Ltd","Nu Tek India Limited IPO"
"328","IDFC-SSKI Private Limited","PNC Infratech Limited IPO"
"329","IDFC-SSKI Private Limited","MEP Infrastructure Developers Ltd IPO"
"330","IDFC-SSKI Private Limited","Sharda Cropchem Ltd IPO"
"331","IDFC-SSKI Private Limited","Repco Home Finance Ltd IPO"
"332","IDFC-SSKI Private Limited","Tribhovandas Bhimji Zaveri Ltd IPO"
"333","IDFC-SSKI Private Limited","A2Z Maintenance & Engineering Services Ltd IPO"
"334","IDFC-SSKI Private Limited","Ashoka Buildcon Ltd IPO"
"335","IDFC-SSKI Private Limited","VA Tech Wabag Ltd IPO"
"336","IDFC-SSKI Private Limited","Gujarat Pipavav Port Ltd (GPPL) IPO"
"337","IDFC-SSKI Private Limited","SJVN Ltd (Satluj Jal Vidyut Nigam Ltd) IPO"
"338","IDFC-SSKI Private Limited","Man Infraconstruction Ltd IPO"
"339","IDFC-SSKI Private Limited","Godrej Properties Limited IPO"
"340","IDFC-SSKI Private Limited","JSW Energy Limited IPO"
"341","IDFC-SSKI Private Limited","Adani Power Limited IPO"
"342","IDFC-SSKI Private Limited","KSK Energy Ventures Ltd IPO"
"343","Morgan Stanley India Company Pvt Ltd","Coffee Day Enterprises Ltd IPO"
"344","Morgan Stanley India Company Pvt Ltd","Interglobe Aviation Ltd IPO"
"345","Morgan Stanley India Company Pvt Ltd","Just Dial Ltd IPO"
"346","Morgan Stanley India Company Pvt Ltd","Oberoi Realty Ltd IPO"
"347","Morgan Stanley India Company Pvt Ltd","Eros International Media Ltd IPO"
"348","Morgan Stanley India Company Pvt Ltd","Coal India Limited IPO"
"349","Morgan Stanley India Company Pvt Ltd","Jaypee Infratech Ltd IPO"
"350","Morgan Stanley India Company Pvt Ltd","Hathway Cable & Datacom Ltd IPO"
"351","Morgan Stanley India Company Pvt Ltd","JSW Energy Limited IPO"
"352","Morgan Stanley India Company Pvt Ltd","Indiabulls Power Limited IPO"
"353","Morgan Stanley India Company Pvt Ltd","Oil India Limited IPO"
"354","Morgan Stanley India Company Pvt Ltd","Adani Power Limited IPO"
"355","Morgan Stanley India Company Pvt Ltd","KSK Energy Ventures Ltd IPO"
"356","Morgan Stanley India Company Pvt Ltd","Multi Commodity Exchange of India Ltd IPO"
"357","Edelweiss Capital Limited","Thyrocare Technologies Ltd IPO"
"358","Edelweiss Capital Limited","Equitas Holdings Limited IPO"
"359","Edelweiss Capital Limited","Healthcare Global Enterprises Ltd IPO"
"360","Edelweiss Capital Limited","Alkem Laboratories Limited IPO"
"361","Edelweiss Capital Limited","Coffee Day Enterprises Ltd IPO"
"362","Edelweiss Capital Limited","Sadbhav Infrastructure Project Limited IPO"
"363","Edelweiss Capital Limited","Navkar Corporation Limited IPO"
"364","Edelweiss Capital Limited","Inox Wind Limited IPO"
"365","Edelweiss Capital Limited","Monte Carlo Fashions Limited IPO"
"366","Edelweiss Capital Limited","Sharda Cropchem Ltd IPO"
"367","Edelweiss Capital Limited","Wonderla Holidays Ltd IPO"
"368","Edelweiss Capital Limited","Credit Analysis & Research Ltd IPO"
"369","Edelweiss Capital Limited","Claris Lifesciences Limited IPO"
"370","Edelweiss Capital Limited","MOIL Limited IPO"
"371","Edelweiss Capital Limited","Commercial Engineers & Body Builders Co Ltd IPO"
"372","Edelweiss Capital Limited","Electrosteel Integrated Ltd IPO"
"373","Edelweiss Capital Limited","Hindustan Media Ventures Ltd IPO"
"374","Edelweiss Capital Limited","Mandhana Industries Limited IPO"
"375","Edelweiss Capital Limited","United Bank of India IPO"
"376","Edelweiss Capital Limited","Man Infraconstruction Ltd IPO"
"377","Edelweiss Capital Limited","KSK Energy Ventures Ltd IPO"
"378","Edelweiss Capital Limited","Multi Commodity Exchange of India Ltd IPO"
"379","Edelweiss Capital Limited","eClerx Services Limited IPO"
"380","Edelweiss Capital Limited","Renaissance Jewellery Limited IPO"
"381","Edelweiss Capital Limited","Kolte-Patil Developers Limited IPO"
"382","Edelweiss Capital Limited","TAKE Solutions Limited IPO"
"383","Edelweiss Capital Limited","Meghmani Organics Limited IPO"
"384","Edelweiss Capital Limited","MIC Electronics Limited IPO"
"385","Edelweiss Capital Limited","Orbit Corporation Limited IPO"
"386","Edelweiss Capital Limited","C & C Constructions Limited IPO"
"387","Edelweiss Capital Limited","Cinemax India Ltd IPO"
"388","Ashika Capital Ltd","Olympic Cards Ltd IPO"
"389","Ashika Capital Ltd","VMS Industries Ltd IPO"
"390","Ashika Capital Ltd","Vaswani Industries Ltd IPO"
"391","Ashika Capital Ltd","Sudar Garments Ltd IPO"
"392","Ashika Capital Ltd","Bedmutha Industries Ltd IPO"
"393","Ashika Capital Ltd","Somi Conveyor Beltings Limited IPO"
"394","Ashika Capital Ltd","Bafna Pharmaceuticals Limited IPO"
"395","Ashika Capital Ltd","Lawreshwar Polymers Ltd IPO"
"396","Anand Rathi Securities Limited","Aanjaneya Lifecare Ltd IPO"
"397","Anand Rathi Securities Limited","Lovable Lingeries Ltd IPO"
"398","Anand Rathi Securities Limited","C Mahendra Exports Ltd IPO"
"399","Anand Rathi Securities Limited","Gallantt Ispat Ltd IPO"
"400","Anand Rathi Securities Limited","Intrasoft Technologies Limited IPO"
"401","Anand Rathi Securities Limited","Pradip Overseas Limited IPO"
"402","Anand Rathi Securities Limited","Euro Multivision Limited IPO"
"403","Anand Rathi Securities Limited","Gokul Refoils and Solvent Limited IPO"
"404","Anand Rathi Securities Limited","V-Guard Industries Limited IPO"
"405","Anand Rathi Securities Limited","J Kumar Infraprojects Limited IPO"
"406","Anand Rathi Securities Limited","Kaveri Seed Company Limited IPO"
"407","Anand Rathi Securities Limited","Allied Digital Services Limited IPO"
"408","Anand Rathi Securities Limited","Indus Fila Limited IPO"
"409","Anand Rathi Securities Limited","Technocraft Industries (India) Ltd IPO"
"410","Intensive Fiscal Services Private Limited","Bharat Wire Ropes Ltd IPO"
"411","Intensive Fiscal Services Private Limited","Prakash Constrowell Ltd IPO"
"412","Intensive Fiscal Services Private Limited","Inventure Growth & Securities Ltd IPO"
"413","Intensive Fiscal Services Private Limited","Gokul Refoils and Solvent Limited IPO"
"414","SREI Capital Markets Ltd","Aishwarya Telecom Limited IPO"
"415","SREI Capital Markets Ltd","Globus Spirits Limited IPO"
"416","SREI Capital Markets Ltd","Aries Agro Limited IPO"
"417","SREI Capital Markets Ltd","Burnpur Cement Limited IPO"
"418","SREI Capital Markets Ltd","Kaushalya Infrastructure Dev Corp Ltd IPO"
"419","SREI Capital Markets Ltd","Dhanus Technologies Limited IPO"
"420","SREI Capital Markets Ltd","Magnum Ventures Limited IPO"
"421","SREI Capital Markets Ltd","Suryachakra Power Corporation Ltd IPO"
"422","SREI Capital Markets Ltd","Glory Polyfilms Ltd IPO"
"423","Centrum Capital Limited","Adlabs Entertainment Ltd IPO"
"424","Centrum Capital Limited","Career Point Infosystems Ltd IPO"
"425","Centrum Capital Limited","Aqua Logistics Ltd IPO"
"426","Centrum Capital Limited","Circuit Systems (India) Ltd IPO"
"427","Centrum Capital Limited","Everonn Systems India Limited IPO"
"428","Centrum Capital Limited","Hilton Metal Forging Ltd IPO"
"429","Centrum Capital Limited","Jagjanani Textiles Limited IPO"
"430","Centrum Capital Limited","Cambridge Technology Enterprises Ltd IPO"
"431","Centrum Capital Limited","Lumax Auto Technologies Ltd IPO"
"432","SSKI Corporate Finance Pvt Ltd","Gammon Infrastructure Projects Ltd IPO"
"433","SSKI Corporate Finance Pvt Ltd","Mundra Port and Special Economic Zone Ltd IPO"
"434","SSKI Corporate Finance Pvt Ltd","Advanta India Limited IPO"
"435","IL&Fs Investsmart Securities Ltd","Rural Electrification Corporation Ltd. IPO"
"436","IL&Fs Investsmart Securities Ltd","Meghmani Organics Limited IPO"
"437","IL&Fs Investsmart Securities Ltd","Time Technoplast Limited IPO"
"438","IL&Fs Investsmart Securities Ltd","Page Industries Ltd (Jockey India) IPO"
"439","Religare Securities Ltd","Monte Carlo Fashions Limited IPO"
"440","Religare Securities Ltd","GSS America Infotech Ltd IPO"
"441","Axis Bank Limited","Equitas Holdings Limited IPO"
"442","Axis Bank Limited","Narayana Hrudayalaya Ltd IPO"
"443","Axis Bank Limited","Coffee Day Enterprises Ltd IPO"
"444","Axis Bank Limited","Navkar Corporation Limited IPO"
"445","Axis Bank Limited","Syngene International Ltd IPO"
"446","Axis Bank Limited","UFO Moviez Ltd IPO"
"447","Axis Bank Limited","Inox Wind Limited IPO"
"448","Axis Bank Limited","Monte Carlo Fashions Limited IPO"
"449","Axis Bank Limited","Innoventive Industries Ltd IPO"
"450","Axis Bank Limited","Orient Green Power Company Ltd IPO"
"451","Axis Bank Limited","Jaypee Infratech Ltd IPO"
"452","Axis Bank Limited","Mandhana Industries Limited IPO"
"453","Axis Bank Limited","Shree Ganesh Jewellery House Ltd IPO"
"454","Axis Bank Limited","KNR Constructions Limited IPO"
"455","Collins Stewart Inga Private Limited","Flexituff International Ltd IPO"
"456","Collins Stewart Inga Private Limited","Technofab Engineering Ltd IPO"
"457","Collins Stewart Inga Private Limited","Intrasoft Technologies Limited IPO"
"458","Collins Stewart Inga Private Limited","Cords Cable Industries Limited IPO"
"459","UTI Securities Ltd","Precision Pipes and Profiles Company Ltd IPO"
"460","UTI Securities Ltd","Barak Valley Cements Ltd IPO"
"461","UTI Securities Ltd","Saamya Biotech India Ltd IPO"
"462","UTI Securities Ltd","Indowind Energy Limited IPO"
"463","UTI Securities Ltd","SEL Manufacturing Company Ltd IPO"
"464","UTI Securities Ltd","Omnitech InfoSolutions Limited IPO"
"465","UTI Securities Ltd","Nitin Fire Protection Industries Ltd IPO"
"466","UTI Securities Ltd","Insecticides India Ltd IPO"
"467","UTI Securities Ltd","Abhishek Mills Ltd IPO"
"468","UTI Securities Ltd","Euro Ceramics Limited IPO"
"469","UTI Securities Ltd","SMS Pharmaceuticals Limited IPO"
"470","NEXGEN Capitals Ltd","Precision Pipes and Profiles Company Ltd IPO"
"471","NEXGEN Capitals Ltd","Deep Industries Ltd IPO"
"472","IDBI Capital Market Services Limited","MEP Infrastructure Developers Ltd IPO"
"473","IDBI Capital Market Services Limited","PC Jeweller Ltd IPO"
"474","IDBI Capital Market Services Limited","Credit Analysis & Research Ltd IPO"
"475","IDBI Capital Market Services Limited","National Buildings Construction Corporation Ltd IPO"
"476","IDBI Capital Market Services Limited","SRS Limited IPO"
"477","IDBI Capital Market Services Limited","Aanjaneya Lifecare Ltd IPO"
"478","IDBI Capital Market Services Limited","MOIL Limited IPO"
"479","IDBI Capital Market Services Limited","SJVN Ltd (Satluj Jal Vidyut Nigam Ltd) IPO"
"480","IDBI Capital Market Services Limited","ARSS Infrastructure Projects Ltd IPO"
"481","IDBI Capital Market Services Limited","JSW Energy Limited IPO"
"482","IDBI Capital Market Services Limited","Astec LifeSciences Limited IPO"
"483","IDBI Capital Market Services Limited","Rishabhdev Technocable Ltd IPO"
"484","IDBI Capital Market Services Limited","Varun Industries Limited IPO"
"485","IDBI Capital Market Services Limited","Central Bank of India IPO"
"486","IDBI Capital Market Services Limited","Decolight Ceramics Limited IPO"
"487","IDBI Capital Market Services Limited","Vijayeswari Textiles Limited IPO"
"488","IDBI Capital Market Services Limited","Transwarranty Finance Ltd IPO"
"489","IDBI Capital Market Services Limited","Usher Agro Ltd IPO"
"490","IDBI Capital Market Services Limited","Deep Industries Ltd IPO"
"491","BOB Capital Markets Limited","Bharat Wire Ropes Ltd IPO"
"492","BOB Capital Markets Limited","Autoline Industries Limited IPO"
"493","Chartered Capital and Investment Limited","RDB Rasayans Ltd IPO"
"494","Chartered Capital and Investment Limited","Gyscoal Alloys Ltd IPO"
"495","Chartered Capital and Investment Limited","Sea TV Network Ltd IPO"
"496","Chartered Capital and Investment Limited","Syncom Healthcare Limited IPO"
"497","Chartered Capital and Investment Limited","Thinksoft Global Services Ltd IPO"
"498","Chartered Capital and Investment Limited","Excel Infoways Limited IPO"
"499","Chartered Capital and Investment Limited","Rathi Bars Ltd IPO"
"500","Chartered Capital and Investment Limited","Ankit Metal & Power Ltd IPO"
"501","Chartered Capital and Investment Limited","Celestial Labs Limited IPO"
"502","Chartered Capital and Investment Limited","Bhagwati Banquets And Hotels Ltd IPO"
"503","Chartered Capital and Investment Limited","AMD Metplast Limited IPO"
"504","Karvy Investor Services Limited","SRS Limited IPO"
"505","Karvy Investor Services Limited","Thinksoft Global Services Ltd IPO"
"506","Karvy Investor Services Limited","Raj Oil Mills Limited IPO"
"507","Karvy Investor Services Limited","Supreme Infrastructure India Ltd IPO"
"508","Karvy Investor Services Limited","Suryachakra Power Corporation Ltd IPO"
"509","Karvy Investor Services Limited","Nelcast Limited IPO"
"510","Karvy Investor Services Limited","Nitin Fire Protection Industries Ltd IPO"
"511","Karvy Investor Services Limited","Astral Poly Technik Limited IPO"
"512","CIL Securities Limited","Allied Computers International (Asia) Ltd IPO"
"513","Allianz Securities Limited","Alpa Laboratories Limited IPO"
"514","Allianz Securities Limited","Roman Tarmat Limited IPO"
"515","Allianz Securities Limited","Broadcast Initiatives Limited IPO"
"516","Allianz Securities Limited","Evinix Accessories Limited IPO"
"517","Allianz Securities Limited","Oriental Trimex Limited IPO"
"518","Allianz Securities Limited","Shree Ashtavinayak Cine Vision IPO"
"519","Fortune Financial Services (India) Limited","Asahi Songwon Colors Ltd IPO"
"520","YES Bank Limited,","Healthcare Global Enterprises Ltd IPO"
"521","YES Bank Limited,","Coffee Day Enterprises Ltd IPO"
"522","YES Bank Limited,","Inox Wind Limited IPO"
"523","YES Bank Limited,","Shemaroo Entertainment Ltd IPO"
"524","YES Bank Limited,","C Mahendra Exports Ltd IPO"
"525","YES Bank Limited,","A2Z Maintenance & Engineering Services Ltd IPO"
"526","YES Bank Limited,","Advanta India Limited IPO"
"527","Vivro Financial Services Private Limited","Raj Television Network Ltd IPO"
"528","JM Morgan Stanley Private Limited","House of Pearl Fashions Ltd IPO"
"529","JM Morgan Stanley Private Limited","Cairn India Ltd IPO"
"530","PL Capital Markets Private Limited","Raj Oil Mills Limited IPO"
"531","PL Capital Markets Private Limited","Rishabhdev Technocable Ltd IPO"
"532","HSBC Securities & Capital Markets Pvt Ltd","Equitas Holdings Limited IPO"
"533","HSBC Securities & Capital Markets Pvt Ltd","VRL Logistics Ltd IPO"
"534","HSBC Securities & Capital Markets Pvt Ltd","Bharti Infratel Limited IPO"
"535","HSBC Securities & Capital Markets Pvt Ltd","L&T Finance Holdings Limited IPO"
"536","HSBC Securities & Capital Markets Pvt Ltd","IL&FS Transportation Networks Ltd IPO"
"537","HSBC Securities & Capital Markets Pvt Ltd","Oil India Limited IPO"
"538","HSBC Securities & Capital Markets Pvt Ltd","Mahindra Holidays and Resorts India Ltd IPO"
"539","Antique Capital Markets Pvt Ltd","TD Power Systems Ltd IPO"
"540","Antique Capital Markets Pvt Ltd","Den Networks Limited IPO"
"541","India Infoline Limited","Healthcare Global Enterprises Ltd IPO"
"542","India Infoline Limited","Precision Camshafts Ltd IPO"
"543","India Infoline Limited","Manpasand Beverages Ltd IPO"
"544","India Infoline Limited","Talwalkars Better value Fitness Ltd IPO"
"545","India Infoline Limited","Infinite Computer Solutions India Ltd IPO"
"546","India Infoline Limited","Cox and Kings (India) Limited IPO"
"547","Nomura Financial Advisory And Securities (India) P","Alkem Laboratories Limited IPO"
"548","Nomura Financial Advisory And Securities (India) P","IL&FS Transportation Networks Ltd IPO"
"549","Nomura Financial Advisory And Securities (India) P","Godrej Properties Limited IPO"
"550","Comfort Securities Pvt Ltd","Ravi Kumar Distilleries Ltd IPO"
"551","Comfort Securities Pvt Ltd","Tarapur Transformers Limited IPO"
"552","Atherstone Capital Markets Limited","Onelife Capital Advisors Ltd IPO"
"553","Atherstone Capital Markets Limited","Midfield Industries Ltd IPO"
"554","Goldman Sachs (India) Securities Private Limited","Healthcare Global Enterprises Ltd IPO"
"555","Goldman Sachs (India) Securities Private Limited","Orient Green Power Company Ltd IPO"
"556","Hem Securities Limited","Tijaria Polypipes Ltd IPO"
"557","Hem Securities Limited","Shekhawati Poly-Yarn Ltd IPO"
"558","Aryaman Financial Services limited","VKS Projects Ltd IPO"
"559","Aryaman Financial Services limited","Midvalley Entertainment Ltd IPO"
"560","Standard Chartered Securities (India) Limited","Bharti Infratel Limited IPO"
"561","Indbank Merchant Banking Services Limited","Rushil Decor Ltd IPO"
"562","Indbank Merchant Banking Services Limited","Fineotex Chemical Ltd IPO"
"563","D and A Financial Services Private Ltd","M and B Switchgears Ltd IPO"
"564","D and A Financial Services Private Ltd","Brooks Laboratories Ltd IPO"
"565","D and A Financial Services Private Ltd","Shilpi Cable Technologies Ltd IPO"
"566","HDFC Bank Limited","Precision Camshafts Ltd IPO"
"567","HDFC Bank Limited","Snowman Logistics Ltd IPO"
"568","HDFC Bank Limited","Bharti Infratel Limited IPO"
"569","HDFC Bank Limited","Muthoot Finance Ltd IPO"
"570","Onelife Capital Advisors Pvt Ltd","Paramount Printpackaging Ltd IPO"
"571","Avendus Capital Pvt Ltd","Tribhovandas Bhimji Zaveri Ltd IPO"
"572","Avendus Capital Pvt Ltd","Innoventive Industries Ltd IPO"
"573","Indian Overseas Bank","Servalakshmi Paper Ltd IPO"
"574","Arihant Capital Markets Ltd","Readymade Steel India Ltd IPO"
"575","Arihant Capital Markets Ltd","Birla Pacific Medspa Ltd IPO"
"576","Arihant Capital Markets Ltd","Sanghvi Forging & Engineering Ltd IPO"
"577","Corporate Strategic Allianz Ltd","Indo Thai Securities Limited IPO"
"578","Corporate Strategic Allianz Ltd","Rushil Decor Ltd IPO"
"579","Corporate Strategic Allianz Ltd","Timbor Home Limited IPO"
"580","PNB Investment Services Ltd","Taksheel Solutions Ltd IPO"
"581","Barclays Securities (India) Private Limited","Interglobe Aviation Ltd IPO"
"582","Barclays Securities (India) Private Limited","Bharti Infratel Limited IPO"
"583","Anand Rathi Advisors Ltd","V-Mart Retail Ltd IPO"
"584","Credit Suisse Securities (India) Private Limited","TeamLease Services Ltd IPO"
"585","Credit Suisse Securities (India) Private Limited","Syngene International Ltd IPO"
"586","Jefferies India Private Limited","Quick Heal Technologies Ltd IPO"
"587","Jefferies India Private Limited","Narayana Hrudayalaya Ltd IPO"
"588","Jefferies India Private Limited","Syngene International Ltd IPO"
"589","Axis Capital Limited","Ujjivan Financial Services Ltd IPO"
"590","Axis Capital Limited","Alkem Laboratories Limited IPO"
"591","IDFC Securities Limited","Healthcare Global Enterprises Ltd IPO"
"592","IDFC Securities Limited","TeamLease Services Ltd IPO"
"593","IDFC Securities Limited","Narayana Hrudayalaya Ltd IPO"
"594","Elara Capital (India) Private","Infibeam Incorporation Ltd IPO"
